Año;Departamento;Municipio;Grupo etario;Sexo;Casos
2012;ALTA VERAPAZ;CHAHAL;5a a 9 años;Femenino;1
2012;ALTA VERAPAZ;FRAY BARTOLOMÉ DE LAS CASAS;25a a 39 años;Femenino;4
2012;ALTA VERAPAZ;FRAY BARTOLOMÉ DE LAS CASAS;25a a 39 años;Masculino;4
2012;ALTA VERAPAZ;FRAY BARTOLOMÉ DE LAS CASAS;40a a 49 años;Femenino;2
2012;EL PETEN;FLORES;1a a 4 años;Femenino;1
2012;EL PETEN;SAN BENITO;1a a 4 años;Femenino;1
2012;EL PROGRESO;MORAZÁN;2m a < 1 año;Masculino;1
2012;EL PROGRESO;SAN CRISTÓBAL ACASAGUASTLÁN;10a a 14 años;Femenino;1
2012;ESCUINTLA;SIQUINALÁ;1a a 4 años;Masculino;1
2012;ESCUINTLA;TIQUISATE;20a a 24 años;Masculino;1
2012;GUATEMALA;AMATITLÁN;10a a 14 años;Masculino;2
2012;GUATEMALA;AMATITLÁN;15a a 19 años;Femenino;1
2012;GUATEMALA;AMATITLÁN;15a a 19 años;Masculino;1
2012;GUATEMALA;AMATITLÁN;1a a 4 años;Masculino;1
2012;GUATEMALA;AMATITLÁN;20a a 24 años;Femenino;1
2012;GUATEMALA;AMATITLÁN;25a a 39 años;Femenino;3
2012;GUATEMALA;AMATITLÁN;25a a 39 años;Masculino;1
2012;GUATEMALA;AMATITLÁN;50a a 59 años;Masculino;1
2012;GUATEMALA;GUATEMALA;1a a 4 años;Femenino;1
2012;GUATEMALA;SAN MIGUEL PETAPA;10a a 14 años;Masculino;2
2012;GUATEMALA;SAN MIGUEL PETAPA;15a a 19 años;Femenino;2
2012;GUATEMALA;SAN MIGUEL PETAPA;15a a 19 años;Masculino;1
2012;GUATEMALA;SAN MIGUEL PETAPA;25a a 39 años;Masculino;1
2012;GUATEMALA;SAN MIGUEL PETAPA;40a a 49 años;Femenino;1
2012;GUATEMALA;SAN MIGUEL PETAPA;5a a 9 años;Femenino;1
2012;GUATEMALA;VILLA NUEVA;10a a 14 años;Femenino;1
2012;GUATEMALA;VILLA NUEVA;15a a 19 años;Masculino;2
2012;GUATEMALA;VILLA NUEVA;20a a 24 años;Masculino;1
2012;GUATEMALA;VILLA NUEVA;5a a 9 años;Femenino;1
2012;IZABAL;LIVINGSTON;25a a 39 años;Femenino;1
2012;IZABAL;PUERTO BARRIOS;10a a 14 años;Femenino;1
2012;IZABAL;PUERTO BARRIOS;1a a 4 años;Femenino;1
2012;IZABAL;PUERTO BARRIOS;25a a 39 años;Masculino;1
2012;IZABAL;PUERTO BARRIOS;5a a 9 años;Femenino;3
2012;IZABAL;PUERTO BARRIOS;5a a 9 años;Masculino;1
2012;QUICHE;IXCÁN;25a a 39 años;Masculino;1
2012;SANTA ROSA;CUILAPA;20a a 24 años;Masculino;1
2012;SUCHITEPEQUEZ;MAZATENANGO;10a a 14 años;Femenino;1
2012;SUCHITEPEQUEZ;MAZATENANGO;25a a 39 años;Femenino;1
2012;SUCHITEPEQUEZ;MAZATENANGO;2m a < 1 año;Masculino;1
2012;SUCHITEPEQUEZ;SAN LORENZO;10a a 14 años;Femenino;1
2012;ZACAPA;RÍO HONDO;1a a 4 años;Femenino;1
2013;ALTA VERAPAZ;FRAY BARTOLOMÉ DE LAS CASAS;20a a 24 años;Femenino;1
2013;ALTA VERAPAZ;FRAY BARTOLOMÉ DE LAS CASAS;25a a 39 años;Femenino;2
2013;ALTA VERAPAZ;FRAY BARTOLOMÉ DE LAS CASAS;25a a 39 años;Masculino;1
2013;ALTA VERAPAZ;FRAY BARTOLOMÉ DE LAS CASAS;5a a 9 años;Masculino;1
2013;BAJA VERAPAZ;SALAMÁ;5a a 9 años;Femenino;1
2013;EL PETEN;POPTÚN;5a a 9 años;Femenino;2
2013;EL PETEN;SAN BENITO;15a a 19 años;Masculino;1
2013;EL PETEN;SAN BENITO;40a a 49 años;Femenino;1
2013;EL PETEN;SAN BENITO;50a a 59 años;Femenino;1
2013;EL PETEN;SAYAXCHÉ;25a a 39 años;Femenino;1
2013;EL PROGRESO;SAN ANTONIO LA PAZ;15a a 19 años;Masculino;1
2013;EL PROGRESO;SAN ANTONIO LA PAZ;5a a 9 años;Femenino;2
2013;ESCUINTLA;SAN VICENTE PACAYA;10a a 14 años;Femenino;1
2013;GUATEMALA;AMATITLÁN;15a a 19 años;Femenino;1
2013;GUATEMALA;AMATITLÁN;1a a 4 años;Masculino;2
2013;GUATEMALA;AMATITLÁN;20a a 24 años;Masculino;1
2013;GUATEMALA;AMATITLÁN;25a a 39 años;Femenino;1
2013;GUATEMALA;AMATITLÁN;2m a < 1 año;Femenino;1
2013;GUATEMALA;AMATITLÁN;5a a 9 años;Masculino;2
2013;GUATEMALA;CHINAUTLA;10a a 14 años;Masculino;1
2013;GUATEMALA;GUATEMALA;50a a 59 años;Femenino;1
2013;GUATEMALA;VILLA NUEVA;1m a < 2m;Masculino;1
2013;QUETZALTENANGO;EL PALMAR;60a a 64 años;Femenino;1
2013;SACATEPEQUEZ;ANTIGUA GUATEMALA;15a a 19 años;Femenino;1
2013;SACATEPEQUEZ;ANTIGUA GUATEMALA;25a a 39 años;Masculino;2
2013;SACATEPEQUEZ;ANTIGUA GUATEMALA;40a a 49 años;Femenino;1
2013;SAN MARCOS;AYUTLA;10a a 14 años;Femenino;1
2013;SAN MARCOS;EL RODEO;25a a 39 años;Masculino;1
2013;SAN MARCOS;OCÓS;10a a 14 años;Femenino;1
2013;SANTA ROSA;BARBERENA;10a a 14 años;Femenino;1
2013;SANTA ROSA;BARBERENA;15a a 19 años;Masculino;1
2013;SANTA ROSA;BARBERENA;5a a 9 años;Masculino;1
2013;SANTA ROSA;GUAZACAPÁN;5a a 9 años;Femenino;1
2013;SANTA ROSA;NUEVA SANTA ROSA;15a a 19 años;Femenino;1
2013;SANTA ROSA;NUEVA SANTA ROSA;1a a 4 años;Femenino;1
2013;SUCHITEPEQUEZ;CUYOTENANGO;1a a 4 años;Femenino;1
2014;ALTA VERAPAZ;FRAY BARTOLOMÉ DE LAS CASAS;10a a 14 años;Masculino;1
2014;BAJA VERAPAZ;SALAMÁ;25a a 39 años;Masculino;1
2014;ESCUINTLA;ESCUINTLA;1a a 4 años;Femenino;1
2014;ESCUINTLA;ESCUINTLA;5a a 9 años;Femenino;1
2014;ESCUINTLA;ESCUINTLA;60a a 64 años;Masculino;1
2014;ESCUINTLA;TIQUISATE;15a a 19 años;Masculino;1
2014;GUATEMALA;AMATITLÁN;15a a 19 años;Masculino;1
2014;GUATEMALA;GUATEMALA;10a a 14 años;Femenino;3
2014;GUATEMALA;GUATEMALA;10a a 14 años;Masculino;2
2014;GUATEMALA;GUATEMALA;15a a 19 años;Femenino;4
2014;GUATEMALA;GUATEMALA;15a a 19 años;Masculino;4
2014;GUATEMALA;GUATEMALA;20a a 24 años;Femenino;9
2014;GUATEMALA;GUATEMALA;20a a 24 años;Masculino;9
2014;GUATEMALA;GUATEMALA;25a a 39 años;Femenino;13
2014;GUATEMALA;GUATEMALA;25a a 39 años;Masculino;11
2014;GUATEMALA;GUATEMALA;40a a 49 años;Femenino;4
2014;GUATEMALA;GUATEMALA;40a a 49 años;Masculino;5
2014;GUATEMALA;GUATEMALA;50a a 59 años;Femenino;1
2014;GUATEMALA;GUATEMALA;50a a 59 años;Masculino;3
2014;GUATEMALA;GUATEMALA;5a a 9 años;Masculino;2
2014;GUATEMALA;GUATEMALA;60a a 64 años;Masculino;1
2014;GUATEMALA;GUATEMALA;70a+;Femenino;2
2014;GUATEMALA;SAN MIGUEL PETAPA;15a a 19 años;Femenino;1
2014;GUATEMALA;SAN MIGUEL PETAPA;25a a 39 años;Masculino;1
2014;GUATEMALA;SAN MIGUEL PETAPA;65a a 69 años;Femenino;1
2014;IZABAL;PUERTO BARRIOS;10a a 14 años;Femenino;2
2014;IZABAL;PUERTO BARRIOS;1a a 4 años;Femenino;2
2014;IZABAL;PUERTO BARRIOS;2m a < 1 año;Masculino;1
2014;IZABAL;PUERTO BARRIOS;5a a 9 años;Femenino;1
2014;QUETZALTENANGO;COATEPEQUE;10a a 14 años;Masculino;3
2014;QUETZALTENANGO;COATEPEQUE;15a a 19 años;Femenino;1
2014;QUETZALTENANGO;COATEPEQUE;1a a 4 años;Femenino;2
2014;QUETZALTENANGO;COATEPEQUE;1a a 4 años;Masculino;1
2014;QUETZALTENANGO;COATEPEQUE;25a a 39 años;Masculino;2
2014;QUETZALTENANGO;COATEPEQUE;5a a 9 años;Femenino;1
2014;QUETZALTENANGO;COATEPEQUE;5a a 9 años;Masculino;6
2014;QUETZALTENANGO;COLOMBA;5a a 9 años;Masculino;1
2014;SACATEPEQUEZ;ANTIGUA GUATEMALA;15a a 19 años;Femenino;1
2014;SACATEPEQUEZ;ANTIGUA GUATEMALA;20a a 24 años;Masculino;2
2014;SACATEPEQUEZ;ANTIGUA GUATEMALA;25a a 39 años;Femenino;1
2014;SACATEPEQUEZ;ANTIGUA GUATEMALA;25a a 39 años;Masculino;1
2014;SACATEPEQUEZ;ANTIGUA GUATEMALA;5a a 9 años;Masculino;1
2014;SACATEPEQUEZ;ANTIGUA GUATEMALA;65a a 69 años;Femenino;1
2014;SACATEPEQUEZ;SAN MIGUEL DUEÑAS;10a a 14 años;Femenino;1
2014;SAN MARCOS;NUEVO PROGRESO;40a a 49 años;Femenino;1
2014;SAN MARCOS;NUEVO PROGRESO;50a a 59 años;Femenino;1
2014;SAN MARCOS;SAN PEDRO SACATEPÉQUEZ;2m a < 1 año;Femenino;2
2014;SANTA ROSA;BARBERENA;5a a 9 años;Femenino;1
2014;SANTA ROSA;NUEVA SANTA ROSA;10a a 14 años;Masculino;1
2014;TOTONICAPAN;MOMOSTENANGO;20a a 24 años;Masculino;1
2014;TOTONICAPAN;SANTA LUCÍA LA REFORMA;25a a 39 años;Femenino;1
2014;ZACAPA;TECULUTÁN;10a a 14 años;Masculino;1
2014;ZACAPA;USUMATLÁN;5a a 9 años;Femenino;1
2014;ZACAPA;ZACAPA;1a a 4 años;Masculino;2
2014;ZACAPA;ZACAPA;40a a 49 años;Masculino;1
2014;ZACAPA;ZACAPA;70a+;Femenino;1
2015;ALTA VERAPAZ;FRAY BARTOLOMÉ DE LAS CASAS;25a a 39 años;Masculino;1
2015;EL PETEN;DOLORES;20a a 24 años;Femenino;1
2015;EL PETEN;POPTÚN;25a a 39 años;Femenino;1
2015;EL PETEN;POPTÚN;60a a 64 años;Femenino;1
2015;EL PETEN;SAYAXCHÉ;20a a 24 años;Femenino;1
2015;ESCUINTLA;ESCUINTLA;10a a 14 años;Masculino;4
2015;ESCUINTLA;ESCUINTLA;1a a 4 años;Femenino;2
2015;ESCUINTLA;ESCUINTLA;1a a 4 años;Masculino;4
2015;ESCUINTLA;ESCUINTLA;20a a 24 años;Femenino;2
2015;ESCUINTLA;ESCUINTLA;5a a 9 años;Femenino;3
2015;ESCUINTLA;ESCUINTLA;5a a 9 años;Masculino;3
2015;ESCUINTLA;GUANAGAZAPA;10a a 14 años;Masculino;1
2015;ESCUINTLA;GUANAGAZAPA;1a a 4 años;Femenino;1
2015;ESCUINTLA;GUANAGAZAPA;1a a 4 años;Masculino;2
2015;ESCUINTLA;GUANAGAZAPA;25a a 39 años;Masculino;2
2015;ESCUINTLA;GUANAGAZAPA;5a a 9 años;Masculino;1
2015;ESCUINTLA;IZTAPA;10a a 14 años;Masculino;1
2015;ESCUINTLA;IZTAPA;20a a 24 años;Masculino;1
2015;ESCUINTLA;IZTAPA;5a a 9 años;Masculino;1
2015;ESCUINTLA;LA DEMOCRACIA;15a a 19 años;Femenino;1
2015;ESCUINTLA;LA GOMERA;10a a 14 años;Masculino;1
2015;ESCUINTLA;LA GOMERA;15a a 19 años;Femenino;1
2015;ESCUINTLA;LA GOMERA;2m a < 1 año;Femenino;2
2015;ESCUINTLA;MASAGUA;1a a 4 años;Femenino;1
2015;ESCUINTLA;NUEVA CONCEPCIÓN;1a a 4 años;Femenino;1
2015;ESCUINTLA;NUEVA CONCEPCIÓN;2m a < 1 año;Masculino;2
2015;ESCUINTLA;PALÍN;5a a 9 años;Femenino;1
2015;ESCUINTLA;PALÍN;5a a 9 años;Masculino;2
2015;ESCUINTLA;PUERTO DE SAN JOSÉ;1a a 4 años;Femenino;2
2015;ESCUINTLA;SANTA LUCÍA COTZUMALGUAPA;1a a 4 años;Femenino;1
2015;ESCUINTLA;SANTA LUCÍA COTZUMALGUAPA;1a a 4 años;Masculino;3
2015;ESCUINTLA;SANTA LUCÍA COTZUMALGUAPA;2m a < 1 año;Femenino;1
2015;ESCUINTLA;SANTA LUCÍA COTZUMALGUAPA;50a a 59 años;Masculino;1
2015;ESCUINTLA;SAN VICENTE PACAYA;1a a 4 años;Femenino;1
2015;ESCUINTLA;TIQUISATE;1a a 4 años;Femenino;1
2015;ESCUINTLA;TIQUISATE;1a a 4 años;Masculino;1
2015;ESCUINTLA;TIQUISATE;5a a 9 años;Femenino;1
2015;GUATEMALA;MIXCO;10a a 14 años;Masculino;1
2015;GUATEMALA;VILLA NUEVA;15a a 19 años;Femenino;1
2015;QUETZALTENANGO;COATEPEQUE;10a a 14 años;Masculino;1
2015;QUETZALTENANGO;FLORES COSTA CUCA;1a a 4 años;Masculino;1
2015;SACATEPEQUEZ;ANTIGUA GUATEMALA;15a a 19 años;Femenino;1
2015;SACATEPEQUEZ;ANTIGUA GUATEMALA;40a a 49 años;Femenino;2
2015;SACATEPEQUEZ;ANTIGUA GUATEMALA;40a a 49 años;Masculino;1
2015;SANTA ROSA;CASILLAS;25a a 39 años;Masculino;1
2015;SANTA ROSA;NUEVA SANTA ROSA;70a+;Masculino;1
2015;SANTA ROSA;ORATORIO;15a a 19 años;Femenino;1
2015;ZACAPA;SAN DIEGO;25a a 39 años;Femenino;1
2015;ZACAPA;ZACAPA;1a a 4 años;Femenino;1
2015;ZACAPA;ZACAPA;5a a 9 años;Femenino;1
2015;ZACAPA;ZACAPA;5a a 9 años;Masculino;2
2016;ALTA VERAPAZ;FRAY BARTOLOMÉ DE LAS CASAS;15a a 19 años;Masculino;1
2016;ALTA VERAPAZ;FRAY BARTOLOMÉ DE LAS CASAS;20a a 24 años;Masculino;2
2016;ALTA VERAPAZ;FRAY BARTOLOMÉ DE LAS CASAS;5a a 9 años;Masculino;1
2016;ALTA VERAPAZ;FRAY BARTOLOMÉ DE LAS CASAS;70a+;Masculino;1
2016;ESCUINTLA;ESCUINTLA;70a+;Femenino;1
2016;ESCUINTLA;IZTAPA;20a a 24 años;Masculino;1
2016;ESCUINTLA;LA GOMERA;10a a 14 años;Masculino;1
2016;GUATEMALA;AMATITLÁN;20a a 24 años;Masculino;1
2016;GUATEMALA;MIXCO;10a a 14 años;Femenino;1
2016;GUATEMALA;MIXCO;10a a 14 años;Masculino;1
2016;GUATEMALA;MIXCO;15a a 19 años;Femenino;1
2016;GUATEMALA;MIXCO;15a a 19 años;Masculino;2
2016;GUATEMALA;MIXCO;1a a 4 años;Femenino;1
2016;GUATEMALA;MIXCO;25a a 39 años;Femenino;1
2016;GUATEMALA;MIXCO;25a a 39 años;Masculino;2
2016;GUATEMALA;MIXCO;40a a 49 años;Masculino;1
2016;GUATEMALA;MIXCO;50a a 59 años;Femenino;1
2016;GUATEMALA;MIXCO;70a+;Masculino;1
2016;GUATEMALA;VILLA NUEVA;1a a 4 años;Masculino;1
2016;IZABAL;PUERTO BARRIOS;1a a 4 años;Femenino;1
2016;IZABAL;PUERTO BARRIOS;5a a 9 años;Femenino;2
2016;IZABAL;PUERTO BARRIOS;5a a 9 años;Masculino;1
2016;QUETZALTENANGO;GÉNOVA;25a a 39 años;Femenino;1
2016;SACATEPEQUEZ;ANTIGUA GUATEMALA;1a a 4 años;Masculino;1
2016;SACATEPEQUEZ;ANTIGUA GUATEMALA;20a a 24 años;Femenino;2
2016;SANTA ROSA;BARBERENA;15a a 19 años;Masculino;1
2016;SANTA ROSA;BARBERENA;5a a 9 años;Femenino;1
2016;SANTA ROSA;BARBERENA;5a a 9 años;Masculino;1
2016;SANTA ROSA;CUILAPA;10a a 14 años;Femenino;1
2016;SANTA ROSA;CUILAPA;10a a 14 años;Masculino;2
2016;SANTA ROSA;CUILAPA;15a a 19 años;Femenino;1
2016;SANTA ROSA;CUILAPA;15a a 19 años;Masculino;3
2016;SANTA ROSA;CUILAPA;1a a 4 años;Masculino;1
2016;SANTA ROSA;CUILAPA;20a a 24 años;Femenino;1
2016;SANTA ROSA;CUILAPA;20a a 24 años;Masculino;3
2016;SANTA ROSA;CUILAPA;25a a 39 años;Femenino;2
2016;SANTA ROSA;CUILAPA;5a a 9 años;Femenino;1
2016;SANTA ROSA;CUILAPA;5a a 9 años;Masculino;1
2016;SANTA ROSA;CUILAPA;60a a 64 años;Femenino;1
2016;SANTA ROSA;CUILAPA;70a+;Femenino;1
2016;SANTA ROSA;GUAZACAPÁN;25a a 39 años;Femenino;1
2016;SANTA ROSA;PUEBLO NUEVO VIÑAS;1a a 4 años;Femenino;1
2016;ZACAPA;USUMATLÁN;10a a 14 años;Femenino;1
2017;ALTA VERAPAZ;TUCURÚ;10a a 14 años;Femenino;1
2017;CHIQUIMULA;CHIQUIMULA;1a a 4 años;Masculino;1
2017;CHIQUIMULA;CHIQUIMULA;2m a < 1 año;Masculino;1
2017;ESCUINTLA;SANTA LUCÍA COTZUMALGUAPA;1a a 4 años;Femenino;1
2017;ESCUINTLA;SIQUINALÁ;20a a 24 años;Femenino;1
2017;ESCUINTLA;SIQUINALÁ;60a a 64 años;Masculino;1
2017;GUATEMALA;GUATEMALA;10a a 14 años;Femenino;1
2017;GUATEMALA;GUATEMALA;50a a 59 años;Femenino;1
2017;IZABAL;PUERTO BARRIOS;1a a 4 años;Femenino;1
2017;JALAPA;JALAPA;40a a 49 años;Femenino;1
2017;JALAPA;JALAPA;5a a 9 años;Femenino;2
2017;JUTIAPA;JALPATAGUA;15a a 19 años;Femenino;1
2017;QUETZALTENANGO;QUETZALTENANGO;50a a 59 años;Femenino;1
2017;SAN MARCOS;CATARINA;25a a 39 años;Femenino;1
2017;SAN MARCOS;EL TUMBADOR;25a a 39 años;Masculino;1
2017;SAN MARCOS;MALACATÁN;10a a 14 años;Femenino;1
2017;SAN MARCOS;MALACATÁN;1a a 4 años;Masculino;2
2017;SAN MARCOS;MALACATÁN;5a a 9 años;Femenino;2
2017;SANTA ROSA;CASILLAS;1a a 4 años;Femenino;1
2017;SANTA ROSA;CUILAPA;10a a 14 años;Femenino;2
2017;ZACAPA;HUITÉ;1a a 4 años;Masculino;1
2017;ZACAPA;ZACAPA;1a a 4 años;Masculino;1
2017;ZACAPA;ZACAPA;20a a 24 años;Masculino;1
2017;ZACAPA;ZACAPA;25a a 39 años;Femenino;1
2018;ALTA VERAPAZ;FRAY BARTOLOMÉ DE LAS CASAS;15a a 19 años;Femenino;1
2018;ALTA VERAPAZ;RAXRUHA;15a a 19 años;Masculino;1
2018;BAJA VERAPAZ;RABINAL;10a a 14 años;Femenino;1
2018;BAJA VERAPAZ;RABINAL;20a a 24 años;Femenino;1
2018;BAJA VERAPAZ;SALAMÁ;10a a 14 años;Femenino;1
2018;BAJA VERAPAZ;SALAMÁ;20a a 24 años;Masculino;1
2018;BAJA VERAPAZ;SALAMÁ;25a a 39 años;Femenino;2
2018;BAJA VERAPAZ;SALAMÁ;25a a 39 años;Masculino;2
2018;BAJA VERAPAZ;SALAMÁ;5a a 9 años;Femenino;1
2018;BAJA VERAPAZ;SALAMÁ;5a a 9 años;Masculino;1
2018;ESCUINTLA;ESCUINTLA;1a a 4 años;Femenino;1
2018;ESCUINTLA;IZTAPA;25a a 39 años;Femenino;1
2018;ESCUINTLA;LA DEMOCRACIA;1a a 4 años;Masculino;1
2018;ESCUINTLA;LA DEMOCRACIA;2m a < 1 año;Femenino;1
2018;ESCUINTLA;PUERTO DE SAN JOSÉ;2m a < 1 año;Masculino;1
2018;ESCUINTLA;SANTA LUCÍA COTZUMALGUAPA;10a a 14 años;Femenino;1
2018;ESCUINTLA;SANTA LUCÍA COTZUMALGUAPA;1a a 4 años;Femenino;2
2018;ESCUINTLA;SANTA LUCÍA COTZUMALGUAPA;2m a < 1 año;Masculino;1
2018;ESCUINTLA;SIQUINALÁ;1a a 4 años;Femenino;1
2018;ESCUINTLA;SIQUINALÁ;2m a < 1 año;Masculino;1
2018;GUATEMALA;AMATITLÁN;25a a 39 años;Femenino;1
2018;GUATEMALA;GUATEMALA;15a a 19 años;Femenino;2
2018;GUATEMALA;GUATEMALA;1a a 4 años;Femenino;1
2018;GUATEMALA;GUATEMALA;1a a 4 años;Masculino;3
2018;GUATEMALA;GUATEMALA;20a a 24 años;Femenino;1
2018;GUATEMALA;GUATEMALA;25a a 39 años;Femenino;2
2018;GUATEMALA;GUATEMALA;40a a 49 años;Femenino;1
2018;GUATEMALA;GUATEMALA;40a a 49 años;Masculino;1
2018;GUATEMALA;GUATEMALA;5a a 9 años;Masculino;1
2018;GUATEMALA;GUATEMALA;70a+;Femenino;1
2018;HUEHUETENANGO;NENTÓN;25a a 39 años;Femenino;1
2018;IZABAL;EL ESTOR;40a a 49 años;Masculino;1
2018;IZABAL;EL ESTOR;5a a 9 años;Masculino;1
2018;IZABAL;PUERTO BARRIOS;1a a 4 años;Masculino;1
2018;IZABAL;PUERTO BARRIOS;2m a < 1 año;Femenino;1
2018;IZABAL;PUERTO BARRIOS;5a a 9 años;Masculino;1
2018;QUETZALTENANGO;COATEPEQUE;25a a 39 años;Masculino;1
2018;QUETZALTENANGO;GÉNOVA;5a a 9 años;Masculino;4
2018;RETALHULEU;RETALHULEU;1a a 4 años;Femenino;1
2018;SAN MARCOS;MALACATÁN;5a a 9 años;Masculino;1
2018;SAN MARCOS;NUEVO PROGRESO;10a a 14 años;Femenino;1
2018;SAN MARCOS;NUEVO PROGRESO;15a a 19 años;Masculino;1
2018;SAN MARCOS;NUEVO PROGRESO;1a a 4 años;Masculino;1
2018;SAN MARCOS;NUEVO PROGRESO;25a a 39 años;Masculino;1
2018;SAN MARCOS;NUEVO PROGRESO;50a a 59 años;Femenino;1
2018;SAN MARCOS;NUEVO PROGRESO;65a a 69 años;Masculino;1
2018;SAN MARCOS;SAN MARCOS;15a a 19 años;Masculino;1
2018;SANTA ROSA;CUILAPA;5a a 9 años;Femenino;2
2018;SANTA ROSA;CUILAPA;5a a 9 años;Masculino;1
2018;SUCHITEPEQUEZ;CUYOTENANGO;5a a 9 años;Masculino;1
2018;SUCHITEPEQUEZ;MAZATENANGO;1a a 4 años;Femenino;1
2018;SUCHITEPEQUEZ;MAZATENANGO;5a a 9 años;Femenino;1
2018;SUCHITEPEQUEZ;MAZATENANGO;5a a 9 años;Masculino;2
2018;ZACAPA;ZACAPA;10a a 14 años;Masculino;1
2018;ZACAPA;ZACAPA;1a a 4 años;Femenino;2
2018;ZACAPA;ZACAPA;60a a 64 años;Femenino;1
2019;ALTA VERAPAZ;COBÁN;20a a 24 años;Femenino;1
2019;ALTA VERAPAZ;COBÁN;25a a 39 años;Femenino;2
2019;ALTA VERAPAZ;FRAY BARTOLOMÉ DE LAS CASAS;10a a 14 años;Femenino;2
2019;ALTA VERAPAZ;FRAY BARTOLOMÉ DE LAS CASAS;1a a 4 años;Masculino;2
2019;ALTA VERAPAZ;FRAY BARTOLOMÉ DE LAS CASAS;25a a 39 años;Femenino;1
2019;ALTA VERAPAZ;FRAY BARTOLOMÉ DE LAS CASAS;50a a 59 años;Femenino;1
2019;ALTA VERAPAZ;FRAY BARTOLOMÉ DE LAS CASAS;5a a 9 años;Femenino;3
2019;ALTA VERAPAZ;SAN JUAN CHAMELCO;5a a 9 años;Masculino;2
2019;ALTA VERAPAZ;TUCURÚ;10a a 14 años;Femenino;2
2019;ALTA VERAPAZ;TUCURÚ;10a a 14 años;Masculino;2
2019;ALTA VERAPAZ;TUCURÚ;15a a 19 años;Masculino;2
2019;ALTA VERAPAZ;TUCURÚ;1a a 4 años;Femenino;1
2019;ALTA VERAPAZ;TUCURÚ;1a a 4 años;Masculino;2
2019;ALTA VERAPAZ;TUCURÚ;20a a 24 años;Femenino;1
2019;ALTA VERAPAZ;TUCURÚ;25a a 39 años;Femenino;1
2019;ALTA VERAPAZ;TUCURÚ;25a a 39 años;Masculino;1
2019;ALTA VERAPAZ;TUCURÚ;40a a 49 años;Femenino;3
2019;ALTA VERAPAZ;TUCURÚ;5a a 9 años;Femenino;1
2019;BAJA VERAPAZ;PURULHÁ;20a a 24 años;Masculino;1
2019;BAJA VERAPAZ;RABINAL;20a a 24 años;Masculino;1
2019;BAJA VERAPAZ;SALAMÁ;10a a 14 años;Masculino;1
2019;BAJA VERAPAZ;SALAMÁ;15a a 19 años;Masculino;1
2019;BAJA VERAPAZ;SALAMÁ;1a a 4 años;Masculino;1
2019;BAJA VERAPAZ;SALAMÁ;25a a 39 años;Femenino;2
2019;BAJA VERAPAZ;SALAMÁ;25a a 39 años;Masculino;1
2019;BAJA VERAPAZ;SALAMÁ;40a a 49 años;Femenino;2
2019;BAJA VERAPAZ;SAN MIGUEL CHICAJ;10a a 14 años;Femenino;1
2019;BAJA VERAPAZ;SAN MIGUEL CHICAJ;10a a 14 años;Masculino;2
2019;BAJA VERAPAZ;SAN MIGUEL CHICAJ;15a a 19 años;Femenino;1
2019;BAJA VERAPAZ;SAN MIGUEL CHICAJ;15a a 19 años;Masculino;1
2019;BAJA VERAPAZ;SAN MIGUEL CHICAJ;20a a 24 años;Masculino;1
2019;BAJA VERAPAZ;SAN MIGUEL CHICAJ;25a a 39 años;Femenino;7
2019;BAJA VERAPAZ;SAN MIGUEL CHICAJ;25a a 39 años;Masculino;3
2019;BAJA VERAPAZ;SAN MIGUEL CHICAJ;40a a 49 años;Masculino;1
2019;BAJA VERAPAZ;SAN MIGUEL CHICAJ;50a a 59 años;Masculino;1
2019;BAJA VERAPAZ;SAN MIGUEL CHICAJ;5a a 9 años;Femenino;1
2019;BAJA VERAPAZ;SAN MIGUEL CHICAJ;5a a 9 años;Masculino;1
2019;CHIMALTENANGO;SAN ANDRÉS ITZAPA;25a a 39 años;Femenino;1
2019;EL PETEN;EL CHAL;40a a 49 años;Masculino;1
2019;EL PETEN;SAN BENITO;10a a 14 años;Masculino;1
2019;EL PROGRESO;SAN AGUSTÍN ACASAGUASTLÁN;10a a 14 años;Masculino;1
2019;ESCUINTLA;ESCUINTLA;2m a < 1 año;Masculino;1
2019;ESCUINTLA;LA GOMERA;5a a 9 años;Masculino;1
2019;ESCUINTLA;MASAGUA;50a a 59 años;Femenino;1
2019;ESCUINTLA;PALÍN;60a a 64 años;Masculino;1
2019;ESCUINTLA;PUERTO DE SAN JOSÉ;5a a 9 años;Femenino;1
2019;ESCUINTLA;PUERTO DE SAN JOSÉ;5a a 9 años;Masculino;1
2019;ESCUINTLA;SIQUINALÁ;2m a < 1 año;Femenino;1
2019;GUATEMALA;GUATEMALA;10a a 14 años;Femenino;1
2019;GUATEMALA;GUATEMALA;10a a 14 años;Masculino;3
2019;GUATEMALA;GUATEMALA;15a a 19 años;Masculino;1
2019;GUATEMALA;GUATEMALA;20a a 24 años;Femenino;1
2019;GUATEMALA;GUATEMALA;20a a 24 años;Masculino;1
2019;GUATEMALA;GUATEMALA;25a a 39 años;Femenino;2
2019;GUATEMALA;GUATEMALA;25a a 39 años;Masculino;1
2019;GUATEMALA;GUATEMALA;2m a < 1 año;Masculino;1
2019;GUATEMALA;GUATEMALA;40a a 49 años;Femenino;2
2019;GUATEMALA;GUATEMALA;40a a 49 años;Masculino;1
2019;GUATEMALA;GUATEMALA;5a a 9 años;Femenino;2
2019;GUATEMALA;GUATEMALA;5a a 9 años;Masculino;3
2019;GUATEMALA;MIXCO;25a a 39 años;Masculino;1
2019;GUATEMALA;PALENCIA;1a a 4 años;Femenino;1
2019;GUATEMALA;PALENCIA;25a a 39 años;Femenino;1
2019;GUATEMALA;SAN JOSÉ DEL GOLFO;10a a 14 años;Femenino;2
2019;GUATEMALA;SAN JOSÉ DEL GOLFO;10a a 14 años;Masculino;2
2019;GUATEMALA;SAN JOSÉ DEL GOLFO;1a a 4 años;Femenino;1
2019;GUATEMALA;SAN JOSÉ DEL GOLFO;25a a 39 años;Masculino;1
2019;GUATEMALA;SAN JOSÉ DEL GOLFO;50a a 59 años;Femenino;1
2019;GUATEMALA;SAN JUAN SACATEPÉQUEZ;25a a 39 años;Femenino;1
2019;GUATEMALA;SAN JUAN SACATEPÉQUEZ;25a a 39 años;Masculino;1
2019;GUATEMALA;SAN JUAN SACATEPÉQUEZ;50a a 59 años;Femenino;1
2019;GUATEMALA;SAN MIGUEL PETAPA;1a a 4 años;Femenino;1
2019;GUATEMALA;SAN PEDRO AYAMPUC;10a a 14 años;Femenino;2
2019;GUATEMALA;SAN PEDRO AYAMPUC;10a a 14 años;Masculino;1
2019;GUATEMALA;SAN PEDRO AYAMPUC;15a a 19 años;Femenino;1
2019;GUATEMALA;SAN PEDRO AYAMPUC;2m a < 1 año;Masculino;1
2019;GUATEMALA;SAN PEDRO AYAMPUC;5a a 9 años;Femenino;1
2019;GUATEMALA;SAN PEDRO AYAMPUC;5a a 9 años;Masculino;1
2019;GUATEMALA;VILLA NUEVA;10a a 14 años;Masculino;2
2019;GUATEMALA;VILLA NUEVA;15a a 19 años;Masculino;1
2019;GUATEMALA;VILLA NUEVA;25a a 39 años;Femenino;1
2019;GUATEMALA;VILLA NUEVA;5a a 9 años;Femenino;1
2019;HUEHUETENANGO;LA DEMOCRACIA;10a a 14 años;Femenino;2
2019;HUEHUETENANGO;LA DEMOCRACIA;10a a 14 años;Masculino;1
2019;HUEHUETENANGO;LA DEMOCRACIA;20a a 24 años;Masculino;1
2019;HUEHUETENANGO;LA DEMOCRACIA;5a a 9 años;Femenino;1
2019;HUEHUETENANGO;LA LIBERTAD;10a a 14 años;Masculino;1
2019;HUEHUETENANGO;LA LIBERTAD;5a a 9 años;Femenino;1
2019;IZABAL;PUERTO BARRIOS;10a a 14 años;Femenino;1
2019;IZABAL;PUERTO BARRIOS;10a a 14 años;Masculino;1
2019;IZABAL;PUERTO BARRIOS;20a a 24 años;Femenino;1
2019;IZABAL;PUERTO BARRIOS;25a a 39 años;Femenino;1
2019;IZABAL;PUERTO BARRIOS;2m a < 1 año;Femenino;1
2019;IZABAL;PUERTO BARRIOS;2m a < 1 año;Masculino;1
2019;IZABAL;PUERTO BARRIOS;5a a 9 años;Femenino;8
2019;JALAPA;JALAPA;15a a 19 años;Femenino;1
2019;JALAPA;JALAPA;25a a 39 años;Masculino;1
2019;JUTIAPA;JUTIAPA;10a a 14 años;Femenino;1
2019;JUTIAPA;JUTIAPA;10a a 14 años;Masculino;3
2019;JUTIAPA;JUTIAPA;15a a 19 años;Femenino;1
2019;JUTIAPA;JUTIAPA;15a a 19 años;Masculino;1
2019;JUTIAPA;JUTIAPA;1a a 4 años;Femenino;1
2019;JUTIAPA;JUTIAPA;1a a 4 años;Masculino;2
2019;JUTIAPA;JUTIAPA;20a a 24 años;Femenino;1
2019;JUTIAPA;JUTIAPA;20a a 24 años;Masculino;2
2019;JUTIAPA;JUTIAPA;40a a 49 años;Masculino;2
2019;JUTIAPA;JUTIAPA;5a a 9 años;Femenino;1
2019;JUTIAPA;JUTIAPA;5a a 9 años;Masculino;1
2019;QUETZALTENANGO;COATEPEQUE;1a a 4 años;Masculino;1
2019;QUETZALTENANGO;GÉNOVA;15a a 19 años;Femenino;1
2019;QUETZALTENANGO;GÉNOVA;1a a 4 años;Femenino;1
2019;QUETZALTENANGO;QUETZALTENANGO;20a a 24 años;Femenino;1
2019;QUETZALTENANGO;QUETZALTENANGO;50a a 59 años;Masculino;1
2019;QUICHE;JOYABAJ;25a a 39 años;Femenino;2
2019;QUICHE;JOYABAJ;25a a 39 años;Masculino;1
2019;QUICHE;PACHALÚN;5a a 9 años;Masculino;1
2019;QUICHE;SACAPULAS;15a a 19 años;Masculino;1
2019;QUICHE;SACAPULAS;1a a 4 años;Masculino;1
2019;SACATEPEQUEZ;ANTIGUA GUATEMALA;20a a 24 años;Femenino;1
2019;SACATEPEQUEZ;ANTIGUA GUATEMALA;25a a 39 años;Masculino;2
2019;SACATEPEQUEZ;ANTIGUA GUATEMALA;50a a 59 años;Masculino;2
2019;SACATEPEQUEZ;ANTIGUA GUATEMALA;5a a 9 años;Masculino;1
2019;SACATEPEQUEZ;CIUDAD VIEJA;25a a 39 años;Masculino;1
2019;SAN MARCOS;EL QUETZAL;25a a 39 años;Masculino;1
2019;SAN MARCOS;MALACATÁN;10a a 14 años;Masculino;2
2019;SAN MARCOS;MALACATÁN;15a a 19 años;Masculino;1
2019;SAN MARCOS;MALACATÁN;20a a 24 años;Masculino;1
2019;SAN MARCOS;MALACATÁN;25a a 39 años;Femenino;1
2019;SAN MARCOS;MALACATÁN;2m a < 1 año;Femenino;1
2019;SAN MARCOS;MALACATÁN;2m a < 1 año;Masculino;2
2019;SAN MARCOS;MALACATÁN;5a a 9 años;Femenino;1
2019;SAN MARCOS;MALACATÁN;5a a 9 años;Masculino;5
2019;SAN MARCOS;NUEVO PROGRESO;15a a 19 años;Masculino;1
2019;SANTA ROSA;BARBERENA;5a a 9 años;Femenino;1
2019;SANTA ROSA;CUILAPA;10a a 14 años;Femenino;3
2019;SANTA ROSA;CUILAPA;10a a 14 años;Masculino;1
2019;SANTA ROSA;CUILAPA;15a a 19 años;Masculino;1
2019;SANTA ROSA;CUILAPA;1a a 4 años;Femenino;3
2019;SANTA ROSA;CUILAPA;1a a 4 años;Masculino;1
2019;SANTA ROSA;CUILAPA;20a a 24 años;Femenino;1
2019;SANTA ROSA;CUILAPA;25a a 39 años;Femenino;2
2019;SANTA ROSA;CUILAPA;5a a 9 años;Femenino;13
2019;SANTA ROSA;CUILAPA;5a a 9 años;Masculino;11
2019;SANTA ROSA;CUILAPA;70a+;Masculino;1
2019;SANTA ROSA;CUILAPA;< 1 mes;Masculino;1
2019;SANTA ROSA;PUEBLO NUEVO VIÑAS;70a+;Femenino;1
2019;SUCHITEPEQUEZ;MAZATENANGO;10a a 14 años;Femenino;1
2019;SUCHITEPEQUEZ;MAZATENANGO;10a a 14 años;Masculino;1
2019;SUCHITEPEQUEZ;MAZATENANGO;15a a 19 años;Femenino;3
2019;SUCHITEPEQUEZ;MAZATENANGO;15a a 19 años;Masculino;2
2019;SUCHITEPEQUEZ;MAZATENANGO;1a a 4 años;Femenino;1
2019;SUCHITEPEQUEZ;MAZATENANGO;1a a 4 años;Masculino;2
2019;SUCHITEPEQUEZ;MAZATENANGO;20a a 24 años;Masculino;1
2019;SUCHITEPEQUEZ;MAZATENANGO;25a a 39 años;Femenino;1
2019;SUCHITEPEQUEZ;MAZATENANGO;25a a 39 años;Masculino;1
2019;SUCHITEPEQUEZ;MAZATENANGO;2m a < 1 año;Femenino;3
2019;SUCHITEPEQUEZ;MAZATENANGO;2m a < 1 año;Masculino;1
2019;SUCHITEPEQUEZ;MAZATENANGO;5a a 9 años;Femenino;9
2019;SUCHITEPEQUEZ;MAZATENANGO;5a a 9 años;Masculino;6
2019;SUCHITEPEQUEZ;RÍO BRAVO;2m a < 1 año;Femenino;1
2019;ZACAPA;CABAÑAS;5a a 9 años;Femenino;1
2019;ZACAPA;SAN JORGE;1a a 4 años;Femenino;1
2019;ZACAPA;SAN JORGE;5a a 9 años;Masculino;1
2019;ZACAPA;ZACAPA;10a a 14 años;Femenino;4
2019;ZACAPA;ZACAPA;10a a 14 años;Masculino;3
2019;ZACAPA;ZACAPA;15a a 19 años;Masculino;3
2019;ZACAPA;ZACAPA;1a a 4 años;Masculino;1
2019;ZACAPA;ZACAPA;20a a 24 años;Masculino;2
2019;ZACAPA;ZACAPA;25a a 39 años;Femenino;2
2019;ZACAPA;ZACAPA;25a a 39 años;Masculino;1
2019;ZACAPA;ZACAPA;50a a 59 años;Femenino;1
2019;ZACAPA;ZACAPA;5a a 9 años;Femenino;2
2019;ZACAPA;ZACAPA;5a a 9 años;Masculino;4
2019;ZACAPA;ZACAPA;70a+;Femenino;1
2020;ALTA VERAPAZ;COBÁN;40a a 49 años;Femenino;1
2020;ALTA VERAPAZ;FRAY BARTOLOMÉ DE LAS CASAS;10a a 14 años;Femenino;1
2020;ALTA VERAPAZ;FRAY BARTOLOMÉ DE LAS CASAS;1a a 4 años;Masculino;1
2020;ALTA VERAPAZ;FRAY BARTOLOMÉ DE LAS CASAS;25a a 39 años;Femenino;1
2020;ALTA VERAPAZ;FRAY BARTOLOMÉ DE LAS CASAS;60a a 64 años;Femenino;1
2020;BAJA VERAPAZ;SALAMÁ;10a a 14 años;Femenino;3
2020;EL PETEN;SAYAXCHÉ;25a a 39 años;Femenino;1
2020;EL PROGRESO;SANARATE;1a a 4 años;Femenino;1
2020;ESCUINTLA;ESCUINTLA;2m a < 1 año;Femenino;1
2020;ESCUINTLA;NUEVA CONCEPCIÓN;1a a 4 años;Femenino;1
2020;ESCUINTLA;SIQUINALÁ;5a a 9 años;Masculino;1
2020;ESCUINTLA;TIQUISATE;70a+;Femenino;1
2020;GUATEMALA;AMATITLÁN;10a a 14 años;Masculino;1
2020;GUATEMALA;AMATITLÁN;15a a 19 años;Masculino;1
2020;GUATEMALA;AMATITLÁN;20a a 24 años;Femenino;1
2020;GUATEMALA;AMATITLÁN;25a a 39 años;Masculino;1
2020;GUATEMALA;AMATITLÁN;5a a 9 años;Femenino;1
2020;GUATEMALA;AMATITLÁN;5a a 9 años;Masculino;2
2020;GUATEMALA;CHINAUTLA;25a a 39 años;Femenino;1
2020;GUATEMALA;FRAIJANES;40a a 49 años;Masculino;1
2020;GUATEMALA;GUATEMALA;10a a 14 años;Masculino;1
2020;GUATEMALA;GUATEMALA;1a a 4 años;Masculino;3
2020;GUATEMALA;GUATEMALA;20a a 24 años;Femenino;1
2020;GUATEMALA;GUATEMALA;20a a 24 años;Masculino;1
2020;GUATEMALA;GUATEMALA;40a a 49 años;Femenino;1
2020;GUATEMALA;GUATEMALA;5a a 9 años;Femenino;1
2020;GUATEMALA;GUATEMALA;5a a 9 años;Masculino;2
2020;GUATEMALA;PALENCIA;15a a 19 años;Femenino;1
2020;GUATEMALA;VILLA CANALES;5a a 9 años;Femenino;1
2020;GUATEMALA;VILLA CANALES;5a a 9 años;Masculino;2
2020;GUATEMALA;VILLA NUEVA;25a a 39 años;Femenino;1
2020;IZABAL;LIVINGSTON;15a a 19 años;Femenino;1
2020;JUTIAPA;JUTIAPA;60a a 64 años;Masculino;1
2020;QUICHE;SACAPULAS;25a a 39 años;Femenino;1
2020;RETALHULEU;RETALHULEU;10a a 14 años;Femenino;2
2020;SACATEPEQUEZ;ANTIGUA GUATEMALA;10a a 14 años;Masculino;1
2020;SACATEPEQUEZ;ANTIGUA GUATEMALA;15a a 19 años;Masculino;2
2020;SACATEPEQUEZ;ANTIGUA GUATEMALA;1a a 4 años;Femenino;1
2020;SACATEPEQUEZ;ANTIGUA GUATEMALA;1a a 4 años;Masculino;2
2020;SACATEPEQUEZ;ANTIGUA GUATEMALA;20a a 24 años;Femenino;1
2020;SACATEPEQUEZ;ANTIGUA GUATEMALA;20a a 24 años;Masculino;2
2020;SACATEPEQUEZ;ANTIGUA GUATEMALA;25a a 39 años;Femenino;1
2020;SACATEPEQUEZ;ANTIGUA GUATEMALA;25a a 39 años;Masculino;1
2020;SACATEPEQUEZ;ANTIGUA GUATEMALA;5a a 9 años;Femenino;1
2020;SAN MARCOS;TEJUTLA;25a a 39 años;Femenino;1
2020;SANTA ROSA;CUILAPA;15a a 19 años;Femenino;1
2020;SANTA ROSA;CUILAPA;25a a 39 años;Masculino;1
2020;SOLOLA;SOLOLÁ;10a a 14 años;Femenino;1
2020;SUCHITEPEQUEZ;MAZATENANGO;15a a 19 años;Masculino;1
2020;SUCHITEPEQUEZ;MAZATENANGO;5a a 9 años;Masculino;2
2020;ZACAPA;TECULUTÁN;5a a 9 años;Femenino;1
2020;ZACAPA;ZACAPA;40a a 49 años;Masculino;1
2020;ZACAPA;ZACAPA;5a a 9 años;Femenino;2
2021;ALTA VERAPAZ;FRAY BARTOLOMÉ DE LAS CASAS;20a a 24 años;Masculino;1
2021;ALTA VERAPAZ;FRAY BARTOLOMÉ DE LAS CASAS;25a a 39 años;Femenino;2
2021;ALTA VERAPAZ;FRAY BARTOLOMÉ DE LAS CASAS;5a a 9 años;Femenino;1
2021;ALTA VERAPAZ;FRAY BARTOLOMÉ DE LAS CASAS;5a a 9 años;Masculino;1
2021;BAJA VERAPAZ;SALAMÁ;1a a 4 años;Femenino;1
2021;CHIQUIMULA;CHIQUIMULA;40a a 49 años;Femenino;1
2021;EL PETEN;SAYAXCHÉ;65a a 69 años;Masculino;1
2021;EL PROGRESO;SANARATE;1a a 4 años;Masculino;1
2021;EL PROGRESO;SANARATE;20a a 24 años;Femenino;1
2021;ESCUINTLA;MASAGUA;5a a 9 años;Masculino;1
2021;ESCUINTLA;TIQUISATE;1a a 4 años;Femenino;1
2021;ESCUINTLA;TIQUISATE;25a a 39 años;Masculino;1
2021;GUATEMALA;AMATITLÁN;10a a 14 años;Femenino;1
2021;GUATEMALA;AMATITLÁN;5a a 9 años;Masculino;1
2021;GUATEMALA;GUATEMALA;25a a 39 años;Femenino;5
2021;GUATEMALA;VILLA NUEVA;10a a 14 años;Femenino;1
2021;IZABAL;LIVINGSTON;25a a 39 años;Femenino;1
2021;JALAPA;JALAPA;5a a 9 años;Femenino;1
2021;QUICHE;IXCÁN;15a a 19 años;Masculino;1
2021;SACATEPEQUEZ;ANTIGUA GUATEMALA;25a a 39 años;Masculino;1
2021;SACATEPEQUEZ;ANTIGUA GUATEMALA;40a a 49 años;Masculino;2
2021;SACATEPEQUEZ;SAN LUCAS SACATEPÉQUEZ;2m a < 1 año;Femenino;1
2021;SAN MARCOS;MALACATÁN;10a a 14 años;Masculino;1
2021;SAN MARCOS;MALACATÁN;25a a 39 años;Femenino;1
2021;SAN MARCOS;MALACATÁN;2m a < 1 año;Femenino;1
2021;SAN MARCOS;MALACATÁN;2m a < 1 año;Masculino;1
2021;SAN MARCOS;MALACATÁN;5a a 9 años;Femenino;1
2021;SANTA ROSA;CUILAPA;10a a 14 años;Femenino;1
2021;SANTA ROSA;CUILAPA;15a a 19 años;Masculino;1
2021;SANTA ROSA;CUILAPA;25a a 39 años;Femenino;2
2021;SANTA ROSA;CUILAPA;2m a < 1 año;Masculino;1
2021;SANTA ROSA;CUILAPA;5a a 9 años;Femenino;1
2021;SANTA ROSA;CUILAPA;5a a 9 años;Masculino;1
2021;SANTA ROSA;NUEVA SANTA ROSA;25a a 39 años;Masculino;1
2022;BAJA VERAPAZ;CUBULCO;25a a 39 años;Masculino;1
2022;BAJA VERAPAZ;CUBULCO;50a a 59 años;Masculino;1
2022;BAJA VERAPAZ;SALAMÁ;50a a 59 años;Femenino;1
2022;ESCUINTLA;ESCUINTLA;15a a 19 años;Femenino;1
2022;ESCUINTLA;ESCUINTLA;25a a 39 años;Masculino;1
2022;ESCUINTLA;PALÍN;10a a 14 años;Femenino;1
2022;GUATEMALA;AMATITLÁN;15a a 19 años;Masculino;1
2022;GUATEMALA;GUATEMALA;10a a 14 años;Femenino;1
2022;GUATEMALA;GUATEMALA;10a a 14 años;Masculino;1
2022;GUATEMALA;GUATEMALA;25a a 39 años;Masculino;3
2022;GUATEMALA;GUATEMALA;40a a 49 años;Masculino;1
2022;GUATEMALA;MIXCO;25a a 39 años;Masculino;1
2022;GUATEMALA;MIXCO;5a a 9 años;Masculino;1
2022;GUATEMALA;SAN JUAN SACATEPÉQUEZ;10a a 14 años;Masculino;1
2022;GUATEMALA;SAN JUAN SACATEPÉQUEZ;50a a 59 años;Femenino;1
2022;HUEHUETENANGO;HUEHUETENANGO;10a a 14 años;Femenino;1
2022;HUEHUETENANGO;HUEHUETENANGO;15a a 19 años;Femenino;1
2022;HUEHUETENANGO;HUEHUETENANGO;15a a 19 años;Masculino;1
2022;HUEHUETENANGO;JACALTENANGO;5a a 9 años;Femenino;1
2022;HUEHUETENANGO;LA DEMOCRACIA;15a a 19 años;Femenino;1
2022;JUTIAPA;JUTIAPA;15a a 19 años;Masculino;1
2022;QUETZALTENANGO;GÉNOVA;10a a 14 años;Masculino;1
2022;QUICHE;IXCÁN;50a a 59 años;Masculino;1
2022;QUICHE;SANTA CRUZ DEL QUICHÉ;1m a < 2m;Masculino;1
2022;SACATEPEQUEZ;ANTIGUA GUATEMALA;20a a 24 años;Femenino;1
2022;SACATEPEQUEZ;ANTIGUA GUATEMALA;25a a 39 años;Masculino;1
2022;SACATEPEQUEZ;ANTIGUA GUATEMALA;50a a 59 años;Femenino;1
2022;SACATEPEQUEZ;ANTIGUA GUATEMALA;65a a 69 años;Masculino;1
2022;SAN MARCOS;MALACATÁN;10a a 14 años;Masculino;1
2022;SAN MARCOS;MALACATÁN;1a a 4 años;Masculino;1
2022;SAN MARCOS;MALACATÁN;40a a 49 años;Femenino;1
2022;SAN MARCOS;MALACATÁN;50a a 59 años;Femenino;1
2022;SAN MARCOS;MALACATÁN;5a a 9 años;Masculino;1
2022;SAN MARCOS;PAJAPITA;1a a 4 años;Femenino;1
2022;SUCHITEPEQUEZ;MAZATENANGO;20a a 24 años;Masculino;1
2022;SUCHITEPEQUEZ;SAN PABLO JOCOPILAS;20a a 24 años;Femenino;1
2022;ZACAPA;TECULUTÁN;15a a 19 años;Masculino;1
2022;ZACAPA;ZACAPA;10a a 14 años;Masculino;1
2022;ZACAPA;ZACAPA;15a a 19 años;Femenino;1
2022;ZACAPA;ZACAPA;1a a 4 años;Masculino;1
2022;ZACAPA;ZACAPA;40a a 49 años;Masculino;1
2022;ZACAPA;ZACAPA;50a a 59 años;Femenino;1
2022;ZACAPA;ZACAPA;50a a 59 años;Masculino;1
2022;ZACAPA;ZACAPA;5a a 9 años;Masculino;3
2023;ALTA VERAPAZ;COBÁN;15a a 19 años;Masculino;1
2023;ALTA VERAPAZ;COBÁN;20a a 24 años;Femenino;3
2023;ALTA VERAPAZ;COBÁN;25a a 39 años;Femenino;3
2023;ALTA VERAPAZ;COBÁN;25a a 39 años;Masculino;1
2023;ALTA VERAPAZ;COBÁN;50a a 59 años;Femenino;1
2023;ALTA VERAPAZ;COBÁN;5a a 9 años;Masculino;1
2023;ALTA VERAPAZ;LANQUÍN;1a a 4 años;Femenino;1
2023;ALTA VERAPAZ;LANQUÍN;1a a 4 años;Masculino;1
2023;ALTA VERAPAZ;LANQUÍN;50a a 59 años;Femenino;1
2023;BAJA VERAPAZ;CUBULCO;5a a 9 años;Femenino;1
2023;BAJA VERAPAZ;EL CHOL;10a a 14 años;Femenino;1
2023;BAJA VERAPAZ;RABINAL;25a a 39 años;Masculino;1
2023;CHIMALTENANGO;CHIMALTENANGO;10a a 14 años;Femenino;1
2023;CHIMALTENANGO;CHIMALTENANGO;10a a 14 años;Masculino;1
2023;CHIMALTENANGO;CHIMALTENANGO;1a a 4 años;Femenino;2
2023;CHIMALTENANGO;CHIMALTENANGO;1a a 4 años;Masculino;3
2023;CHIMALTENANGO;CHIMALTENANGO;20a a 24 años;Masculino;2
2023;CHIMALTENANGO;CHIMALTENANGO;2m a < 1 año;Femenino;1
2023;CHIMALTENANGO;CHIMALTENANGO;2m a < 1 año;Masculino;2
2023;CHIMALTENANGO;CHIMALTENANGO;40a a 49 años;Femenino;1
2023;CHIMALTENANGO;CHIMALTENANGO;40a a 49 años;Masculino;1
2023;CHIMALTENANGO;CHIMALTENANGO;50a a 59 años;Femenino;5
2023;CHIMALTENANGO;CHIMALTENANGO;50a a 59 años;Masculino;2
2023;CHIMALTENANGO;PARRAMOS;20a a 24 años;Femenino;1
2023;CHIQUIMULA;CHIQUIMULA;50a a 59 años;Masculino;1
2023;EL PETEN;POPTÚN;5a a 9 años;Femenino;1
2023;EL PETEN;SAN ANDRÉS;20a a 24 años;Masculino;1
2023;EL PETEN;SAN BENITO;10a a 14 años;Masculino;1
2023;EL PETEN;SAN BENITO;15a a 19 años;Femenino;2
2023;EL PETEN;SAN BENITO;15a a 19 años;Masculino;1
2023;EL PETEN;SAN BENITO;1a a 4 años;Femenino;1
2023;EL PETEN;SAN BENITO;1a a 4 años;Masculino;1
2023;EL PETEN;SAN BENITO;25a a 39 años;Masculino;1
2023;EL PETEN;SAN BENITO;2m a < 1 año;Femenino;1
2023;EL PETEN;SAN BENITO;50a a 59 años;Femenino;2
2023;EL PETEN;SAN BENITO;50a a 59 años;Masculino;1
2023;EL PETEN;SAN BENITO;5a a 9 años;Femenino;1
2023;EL PETEN;SAN BENITO;65a a 69 años;Masculino;1
2023;ESCUINTLA;ESCUINTLA;50a a 59 años;Femenino;3
2023;ESCUINTLA;ESCUINTLA;5a a 9 años;Femenino;1
2023;ESCUINTLA;ESCUINTLA;5a a 9 años;Masculino;2
2023;ESCUINTLA;GUANAGAZAPA;50a a 59 años;Masculino;1
2023;ESCUINTLA;IZTAPA;50a a 59 años;Femenino;1
2023;ESCUINTLA;LA GOMERA;2m a < 1 año;Masculino;1
2023;ESCUINTLA;MASAGUA;2m a < 1 año;Femenino;1
2023;ESCUINTLA;MASAGUA;50a a 59 años;Masculino;1
2023;ESCUINTLA;MASAGUA;65a a 69 años;Femenino;1
2023;ESCUINTLA;NUEVA CONCEPCIÓN;1a a 4 años;Femenino;1
2023;ESCUINTLA;NUEVA CONCEPCIÓN;2m a < 1 año;Femenino;1
2023;ESCUINTLA;PUERTO DE SAN JOSÉ;5a a 9 años;Masculino;1
2023;ESCUINTLA;SANTA LUCÍA COTZUMALGUAPA;1a a 4 años;Femenino;3
2023;ESCUINTLA;SANTA LUCÍA COTZUMALGUAPA;2m a < 1 año;Femenino;1
2023;ESCUINTLA;SANTA LUCÍA COTZUMALGUAPA;5a a 9 años;Femenino;1
2023;ESCUINTLA;SANTA LUCÍA COTZUMALGUAPA;5a a 9 años;Masculino;1
2023;ESCUINTLA;SANTA LUCÍA COTZUMALGUAPA;< 1 mes;Masculino;1
2023;ESCUINTLA;SIPACATE;1a a 4 años;Femenino;1
2023;ESCUINTLA;SIQUINALÁ;5a a 9 años;Femenino;1
2023;ESCUINTLA;TIQUISATE;2m a < 1 año;Femenino;1
2023;ESCUINTLA;TIQUISATE;50a a 59 años;Masculino;1
2023;GUATEMALA;AMATITLÁN;10a a 14 años;Femenino;1
2023;GUATEMALA;AMATITLÁN;20a a 24 años;Femenino;1
2023;GUATEMALA;AMATITLÁN;25a a 39 años;Femenino;1
2023;GUATEMALA;AMATITLÁN;40a a 49 años;Femenino;1
2023;GUATEMALA;AMATITLÁN;5a a 9 años;Masculino;1
2023;GUATEMALA;CHINAUTLA;5a a 9 años;Femenino;1
2023;GUATEMALA;CHINAUTLA;5a a 9 años;Masculino;1
2023;GUATEMALA;FRAIJANES;10a a 14 años;Femenino;1
2023;GUATEMALA;GUATEMALA;10a a 14 años;Femenino;4
2023;GUATEMALA;GUATEMALA;10a a 14 años;Masculino;2
2023;GUATEMALA;GUATEMALA;15a a 19 años;Femenino;1
2023;GUATEMALA;GUATEMALA;15a a 19 años;Masculino;1
2023;GUATEMALA;GUATEMALA;1a a 4 años;Femenino;1
2023;GUATEMALA;GUATEMALA;1a a 4 años;Masculino;1
2023;GUATEMALA;GUATEMALA;20a a 24 años;Femenino;1
2023;GUATEMALA;GUATEMALA;20a a 24 años;Masculino;2
2023;GUATEMALA;GUATEMALA;25a a 39 años;Femenino;1
2023;GUATEMALA;GUATEMALA;25a a 39 años;Masculino;1
2023;GUATEMALA;GUATEMALA;40a a 49 años;Masculino;1
2023;GUATEMALA;GUATEMALA;50a a 59 años;Femenino;1
2023;GUATEMALA;GUATEMALA;50a a 59 años;Masculino;1
2023;GUATEMALA;GUATEMALA;5a a 9 años;Femenino;2
2023;GUATEMALA;GUATEMALA;5a a 9 años;Masculino;2
2023;GUATEMALA;MIXCO;15a a 19 años;Femenino;2
2023;GUATEMALA;MIXCO;15a a 19 años;Masculino;2
2023;GUATEMALA;MIXCO;1a a 4 años;Femenino;1
2023;GUATEMALA;MIXCO;20a a 24 años;Femenino;4
2023;GUATEMALA;MIXCO;25a a 39 años;Femenino;1
2023;GUATEMALA;MIXCO;40a a 49 años;Femenino;1
2023;GUATEMALA;MIXCO;50a a 59 años;Femenino;2
2023;GUATEMALA;MIXCO;50a a 59 años;Masculino;1
2023;GUATEMALA;MIXCO;5a a 9 años;Femenino;1
2023;GUATEMALA;MIXCO;5a a 9 años;Masculino;1
2023;GUATEMALA;PALENCIA;10a a 14 años;Masculino;1
2023;GUATEMALA;PALENCIA;50a a 59 años;Masculino;1
2023;GUATEMALA;PALENCIA;5a a 9 años;Femenino;1
2023;GUATEMALA;PALENCIA;70a+;Femenino;2
2023;GUATEMALA;SAN JOSÉ DEL GOLFO;15a a 19 años;Femenino;1
2023;GUATEMALA;SAN JOSÉ DEL GOLFO;1a a 4 años;Masculino;2
2023;GUATEMALA;SAN JUAN SACATEPÉQUEZ;10a a 14 años;Femenino;1
2023;GUATEMALA;SAN JUAN SACATEPÉQUEZ;15a a 19 años;Femenino;1
2023;GUATEMALA;SAN JUAN SACATEPÉQUEZ;1a a 4 años;Masculino;1
2023;GUATEMALA;SAN JUAN SACATEPÉQUEZ;20a a 24 años;Femenino;2
2023;GUATEMALA;SAN JUAN SACATEPÉQUEZ;20a a 24 años;Masculino;1
2023;GUATEMALA;SAN JUAN SACATEPÉQUEZ;50a a 59 años;Femenino;1
2023;GUATEMALA;SAN JUAN SACATEPÉQUEZ;50a a 59 años;Masculino;4
2023;GUATEMALA;SAN JUAN SACATEPÉQUEZ;5a a 9 años;Masculino;1
2023;GUATEMALA;SAN MIGUEL PETAPA;5a a 9 años;Masculino;1
2023;GUATEMALA;SAN PEDRO AYAMPUC;1a a 4 años;Masculino;1
2023;GUATEMALA;SAN PEDRO AYAMPUC;50a a 59 años;Femenino;1
2023;GUATEMALA;SANTA CATARINA PINULA;10a a 14 años;Masculino;1
2023;GUATEMALA;SANTA CATARINA PINULA;25a a 39 años;Femenino;1
2023;GUATEMALA;SANTA CATARINA PINULA;50a a 59 años;Masculino;1
2023;GUATEMALA;SANTA CATARINA PINULA;5a a 9 años;Masculino;1
2023;GUATEMALA;SANTA CATARINA PINULA;65a a 69 años;Masculino;1
2023;GUATEMALA;VILLA NUEVA;20a a 24 años;Femenino;2
2023;GUATEMALA;VILLA NUEVA;20a a 24 años;Masculino;1
2023;HUEHUETENANGO;BARILLAS;20a a 24 años;Femenino;1
2023;HUEHUETENANGO;HUEHUETENANGO;15a a 19 años;Femenino;1
2023;HUEHUETENANGO;JACALTENANGO;20a a 24 años;Femenino;1
2023;HUEHUETENANGO;SAN ILDELFONSO IXTAHUACÁN;5a a 9 años;Masculino;2
2023;IZABAL;MORALES;10a a 14 años;Masculino;2
2023;IZABAL;MORALES;25a a 39 años;Masculino;1
2023;IZABAL;MORALES;50a a 59 años;Femenino;1
2023;IZABAL;MORALES;50a a 59 años;Masculino;1
2023;IZABAL;MORALES;5a a 9 años;Masculino;1
2023;IZABAL;PUERTO BARRIOS;15a a 19 años;Masculino;1
2023;IZABAL;PUERTO BARRIOS;20a a 24 años;Masculino;1
2023;IZABAL;PUERTO BARRIOS;2m a < 1 año;Masculino;1
2023;IZABAL;PUERTO BARRIOS;50a a 59 años;Femenino;1
2023;IZABAL;PUERTO BARRIOS;50a a 59 años;Masculino;1
2023;IZABAL;PUERTO BARRIOS;5a a 9 años;Femenino;1
2023;JALAPA;JALAPA;20a a 24 años;Femenino;1
2023;JALAPA;JALAPA;5a a 9 años;Masculino;1
2023;JALAPA;SAN PEDRO PINULA;50a a 59 años;Masculino;1
2023;JUTIAPA;JUTIAPA;10a a 14 años;Masculino;1
2023;JUTIAPA;JUTIAPA;1a a 4 años;Femenino;2
2023;JUTIAPA;JUTIAPA;1a a 4 años;Masculino;1
2023;JUTIAPA;JUTIAPA;20a a 24 años;Femenino;3
2023;JUTIAPA;JUTIAPA;20a a 24 años;Masculino;1
2023;JUTIAPA;JUTIAPA;25a a 39 años;Masculino;1
2023;JUTIAPA;JUTIAPA;2m a < 1 año;Femenino;1
2023;JUTIAPA;JUTIAPA;2m a < 1 año;Masculino;1
2023;JUTIAPA;JUTIAPA;5a a 9 años;Femenino;1
2023;JUTIAPA;JUTIAPA;5a a 9 años;Masculino;1
2023;JUTIAPA;JUTIAPA;60a a 64 años;Masculino;2
2023;JUTIAPA;JUTIAPA;65a a 69 años;Masculino;1
2023;JUTIAPA;JUTIAPA;70a+;Masculino;2
2023;JUTIAPA;MOYUTA;2m a < 1 año;Femenino;1
2023;JUTIAPA;MOYUTA;50a a 59 años;Masculino;1
2023;QUETZALTENANGO;COATEPEQUE;10a a 14 años;Femenino;1
2023;QUETZALTENANGO;COATEPEQUE;10a a 14 años;Masculino;1
2023;QUETZALTENANGO;COATEPEQUE;1a a 4 años;Femenino;5
2023;QUETZALTENANGO;COATEPEQUE;20a a 24 años;Masculino;1
2023;QUETZALTENANGO;COATEPEQUE;2m a < 1 año;Femenino;3
2023;QUETZALTENANGO;COATEPEQUE;2m a < 1 año;Masculino;2
2023;QUETZALTENANGO;COATEPEQUE;50a a 59 años;Femenino;2
2023;QUETZALTENANGO;COATEPEQUE;5a a 9 años;Femenino;1
2023;QUETZALTENANGO;COATEPEQUE;5a a 9 años;Masculino;1
2023;QUETZALTENANGO;GÉNOVA;5a a 9 años;Femenino;1
2023;QUICHE;CANILLÁ;10a a 14 años;Masculino;1
2023;QUICHE;CANILLÁ;25a a 39 años;Masculino;1
2023;QUICHE;JOYABAJ;15a a 19 años;Femenino;1
2023;QUICHE;JOYABAJ;40a a 49 años;Femenino;1
2023;QUICHE;SAN MIGUEL USPANTÁN;1a a 4 años;Femenino;1
2023;QUICHE;SAN MIGUEL USPANTÁN;20a a 24 años;Femenino;1
2023;QUICHE;SAN MIGUEL USPANTÁN;60a a 64 años;Masculino;2
2023;QUICHE;SANTA CRUZ DEL QUICHÉ;15a a 19 años;Femenino;1
2023;QUICHE;SANTA CRUZ DEL QUICHÉ;20a a 24 años;Masculino;1
2023;QUICHE;SANTA CRUZ DEL QUICHÉ;40a a 49 años;Femenino;1
2023;QUICHE;SANTA CRUZ DEL QUICHÉ;40a a 49 años;Masculino;1
2023;QUICHE;SANTA CRUZ DEL QUICHÉ;50a a 59 años;Femenino;1
2023;QUICHE;ZACUALPA;20a a 24 años;Femenino;2
2023;RETALHULEU;SAN ANDRÉS VILLA SECA;10a a 14 años;Femenino;1
2023;RETALHULEU;SAN ANDRÉS VILLA SECA;40a a 49 años;Femenino;1
2023;RETALHULEU;SAN ANDRÉS VILLA SECA;50a a 59 años;Femenino;1
2023;RETALHULEU;SAN SEBASTIÁN;65a a 69 años;Femenino;1
2023;SACATEPEQUEZ;ALOTENANGO;5a a 9 años;Masculino;1
2023;SACATEPEQUEZ;ANTIGUA GUATEMALA;5a a 9 años;Masculino;1
2023;SAN MARCOS;EL QUETZAL;50a a 59 años;Femenino;1
2023;SAN MARCOS;EL TUMBADOR;10a a 14 años;Masculino;1
2023;SAN MARCOS;LA REFORMA;10a a 14 años;Femenino;1
2023;SAN MARCOS;MALACATÁN;10a a 14 años;Masculino;5
2023;SAN MARCOS;MALACATÁN;15a a 19 años;Femenino;2
2023;SAN MARCOS;MALACATÁN;15a a 19 años;Masculino;2
2023;SAN MARCOS;MALACATÁN;1a a 4 años;Femenino;5
2023;SAN MARCOS;MALACATÁN;1a a 4 años;Masculino;1
2023;SAN MARCOS;MALACATÁN;20a a 24 años;Femenino;4
2023;SAN MARCOS;MALACATÁN;20a a 24 años;Masculino;6
2023;SAN MARCOS;MALACATÁN;25a a 39 años;Masculino;2
2023;SAN MARCOS;MALACATÁN;2m a < 1 año;Femenino;1
2023;SAN MARCOS;MALACATÁN;40a a 49 años;Femenino;1
2023;SAN MARCOS;MALACATÁN;50a a 59 años;Masculino;6
2023;SAN MARCOS;MALACATÁN;5a a 9 años;Femenino;2
2023;SAN MARCOS;MALACATÁN;5a a 9 años;Masculino;1
2023;SAN MARCOS;MALACATÁN;60a a 64 años;Femenino;1
2023;SAN MARCOS;MALACATÁN;70a+;Femenino;1
2023;SAN MARCOS;PAJAPITA;20a a 24 años;Masculino;1
2023;SANTA ROSA;CASILLAS;5a a 9 años;Masculino;1
2023;SANTA ROSA;CUILAPA;10a a 14 años;Femenino;2
2023;SANTA ROSA;CUILAPA;10a a 14 años;Masculino;1
2023;SANTA ROSA;CUILAPA;15a a 19 años;Femenino;2
2023;SANTA ROSA;CUILAPA;1a a 4 años;Masculino;1
2023;SANTA ROSA;CUILAPA;25a a 39 años;Masculino;1
2023;SANTA ROSA;CUILAPA;2m a < 1 año;Masculino;1
2023;SANTA ROSA;CUILAPA;50a a 59 años;Masculino;2
2023;SANTA ROSA;CUILAPA;5a a 9 años;Masculino;2
2023;SANTA ROSA;CUILAPA;70a+;Masculino;1
2023;SANTA ROSA;PUEBLO NUEVO VIÑAS;50a a 59 años;Femenino;1
2023;SANTA ROSA;SANTA ROSA DE LIMA;50a a 59 años;Masculino;2
2023;SOLOLA;NAHUALÁ;50a a 59 años;Femenino;1
2023;SOLOLA;PANAJACHEL;10a a 14 años;Femenino;2
2023;SOLOLA;PANAJACHEL;10a a 14 años;Masculino;1
2023;SOLOLA;PANAJACHEL;15a a 19 años;Masculino;1
2023;SOLOLA;PANAJACHEL;20a a 24 años;Masculino;2
2023;SOLOLA;PANAJACHEL;50a a 59 años;Masculino;1
2023;SOLOLA;SAN LUCAS TOLIMÁN;10a a 14 años;Masculino;1
2023;SOLOLA;SAN LUCAS TOLIMÁN;5a a 9 años;Masculino;1
2023;SOLOLA;SAN PEDRO LA LAGUNA;25a a 39 años;Femenino;1
2023;SOLOLA;SANTIAGO ATITLÁN;20a a 24 años;Femenino;1
2023;SOLOLA;SOLOLÁ;15a a 19 años;Masculino;1
2023;SOLOLA;SOLOLÁ;20a a 24 años;Femenino;2
2023;SOLOLA;SOLOLÁ;20a a 24 años;Masculino;1
2023;SOLOLA;SOLOLÁ;50a a 59 años;Femenino;2
2023;SOLOLA;SOLOLÁ;50a a 59 años;Masculino;1
2023;SUCHITEPEQUEZ;MAZATENANGO;10a a 14 años;Masculino;1
2023;TOTONICAPAN;TOTONICAPÁN;20a a 24 años;Femenino;1
2023;ZACAPA;SAN DIEGO;5a a 9 años;Femenino;1
2023;ZACAPA;SAN JORGE;2m a < 1 año;Masculino;1
2023;ZACAPA;USUMATLÁN;5a a 9 años;Femenino;1
2023;ZACAPA;ZACAPA;10a a 14 años;Femenino;1
2023;ZACAPA;ZACAPA;15a a 19 años;Femenino;2
2023;ZACAPA;ZACAPA;15a a 19 años;Masculino;1
2023;ZACAPA;ZACAPA;1a a 4 años;Femenino;2
2023;ZACAPA;ZACAPA;1a a 4 años;Masculino;1
2023;ZACAPA;ZACAPA;20a a 24 años;Femenino;4
2023;ZACAPA;ZACAPA;20a a 24 años;Masculino;3
2023;ZACAPA;ZACAPA;2m a < 1 año;Femenino;3
2023;ZACAPA;ZACAPA;2m a < 1 año;Masculino;1
2023;ZACAPA;ZACAPA;40a a 49 años;Femenino;1
2023;ZACAPA;ZACAPA;40a a 49 años;Masculino;1
2023;ZACAPA;ZACAPA;50a a 59 años;Femenino;6
2023;ZACAPA;ZACAPA;50a a 59 años;Masculino;5
2023;ZACAPA;ZACAPA;5a a 9 años;Femenino;3
2023;ZACAPA;ZACAPA;5a a 9 años;Masculino;3
2023;ZACAPA;ZACAPA;60a a 64 años;Femenino;1
2024;ALTA VERAPAZ;FRAY BARTOLOMÉ DE LAS CASAS;20a a 24 años;Femenino;1
2024;ALTA VERAPAZ;FRAY BARTOLOMÉ DE LAS CASAS;25a a 39 años;Femenino;1
2024;ALTA VERAPAZ;FRAY BARTOLOMÉ DE LAS CASAS;70a+;Masculino;1
2024;ALTA VERAPAZ;LA TINTA;65a a 69 años;Femenino;1
2024;ALTA VERAPAZ;SAN PEDRO CARCHÁ;10a a 14 años;Femenino;1
2024;ALTA VERAPAZ;SAN PEDRO CARCHÁ;15a a 19 años;Masculino;1
2024;BAJA VERAPAZ;CUBULCO;40a a 49 años;Masculino;1
2024;CHIMALTENANGO;CHIMALTENANGO;10a a 14 años;Femenino;1
2024;CHIMALTENANGO;CHIMALTENANGO;15a a 19 años;Masculino;1
2024;CHIMALTENANGO;CHIMALTENANGO;20a a 24 años;Femenino;2
2024;CHIMALTENANGO;CHIMALTENANGO;25a a 39 años;Femenino;2
2024;CHIMALTENANGO;CHIMALTENANGO;25a a 39 años;Masculino;1
2024;CHIMALTENANGO;CHIMALTENANGO;5a a 9 años;Femenino;1
2024;EL PETEN;DOLORES;10a a 14 años;Masculino;1
2024;EL PETEN;MELCHOR DE MENCOS;5a a 9 años;Masculino;1
2024;EL PETEN;POPTÚN;10a a 14 años;Femenino;2
2024;EL PETEN;POPTÚN;10a a 14 años;Masculino;1
2024;EL PETEN;POPTÚN;1a a 4 años;Masculino;1
2024;EL PETEN;POPTÚN;25a a 39 años;Femenino;1
2024;EL PETEN;POPTÚN;5a a 9 años;Femenino;1
2024;EL PETEN;POPTÚN;5a a 9 años;Masculino;1
2024;EL PETEN;SAN ANDRÉS;1a a 4 años;Femenino;1
2024;EL PETEN;SAN ANDRÉS;25a a 39 años;Masculino;1
2024;EL PETEN;SAN BENITO;10a a 14 años;Femenino;1
2024;EL PETEN;SAN BENITO;15a a 19 años;Femenino;1
2024;EL PETEN;SAN BENITO;2m a < 1 año;Femenino;1
2024;EL PETEN;SAN BENITO;2m a < 1 año;Masculino;1
2024;EL PETEN;SAN BENITO;5a a 9 años;Femenino;2
2024;EL PETEN;SAN BENITO;5a a 9 años;Masculino;2
2024;EL PETEN;SAN BENITO;60a a 64 años;Masculino;1
2024;EL PETEN;SAN LUIS;5a a 9 años;Femenino;1
2024;ESCUINTLA;ESCUINTLA;10a a 14 años;Masculino;6
2024;ESCUINTLA;ESCUINTLA;15a a 19 años;Masculino;1
2024;ESCUINTLA;ESCUINTLA;1a a 4 años;Femenino;4
2024;ESCUINTLA;ESCUINTLA;1a a 4 años;Masculino;3
2024;ESCUINTLA;ESCUINTLA;2m a < 1 año;Femenino;2
2024;ESCUINTLA;ESCUINTLA;2m a < 1 año;Masculino;1
2024;ESCUINTLA;ESCUINTLA;5a a 9 años;Femenino;2
2024;ESCUINTLA;ESCUINTLA;5a a 9 años;Masculino;8
2024;ESCUINTLA;ESCUINTLA;65a a 69 años;Femenino;1
2024;ESCUINTLA;IZTAPA;5a a 9 años;Masculino;1
2024;ESCUINTLA;LA DEMOCRACIA;10a a 14 años;Femenino;1
2024;ESCUINTLA;LA DEMOCRACIA;20a a 24 años;Femenino;1
2024;ESCUINTLA;MASAGUA;10a a 14 años;Masculino;1
2024;ESCUINTLA;NUEVA CONCEPCIÓN;1a a 4 años;Femenino;1
2024;ESCUINTLA;NUEVA CONCEPCIÓN;1a a 4 años;Masculino;1
2024;ESCUINTLA;NUEVA CONCEPCIÓN;2m a < 1 año;Femenino;1
2024;ESCUINTLA;PALÍN;10a a 14 años;Femenino;1
2024;ESCUINTLA;PALÍN;10a a 14 años;Masculino;1
2024;ESCUINTLA;PALÍN;1a a 4 años;Femenino;1
2024;ESCUINTLA;PALÍN;20a a 24 años;Masculino;1
2024;ESCUINTLA;PUERTO DE SAN JOSÉ;10a a 14 años;Femenino;1
2024;ESCUINTLA;PUERTO DE SAN JOSÉ;1a a 4 años;Femenino;1
2024;ESCUINTLA;PUERTO DE SAN JOSÉ;< 1 mes;Masculino;1
2024;ESCUINTLA;SANTA LUCÍA COTZUMALGUAPA;10a a 14 años;Femenino;1
2024;ESCUINTLA;SANTA LUCÍA COTZUMALGUAPA;1a a 4 años;Femenino;1
2024;ESCUINTLA;SANTA LUCÍA COTZUMALGUAPA;1a a 4 años;Masculino;1
2024;ESCUINTLA;SANTA LUCÍA COTZUMALGUAPA;2m a < 1 año;Femenino;1
2024;ESCUINTLA;SANTA LUCÍA COTZUMALGUAPA;2m a < 1 año;Masculino;1
2024;ESCUINTLA;SANTA LUCÍA COTZUMALGUAPA;5a a 9 años;Femenino;2
2024;ESCUINTLA;SANTA LUCÍA COTZUMALGUAPA;5a a 9 años;Masculino;5
2024;ESCUINTLA;SAN VICENTE PACAYA;5a a 9 años;Femenino;1
2024;ESCUINTLA;SIPACATE;2m a < 1 año;Masculino;1
2024;ESCUINTLA;TIQUISATE;1a a 4 años;Femenino;1
2024;GUATEMALA;AMATITLÁN;10a a 14 años;Femenino;2
2024;GUATEMALA;AMATITLÁN;10a a 14 años;Masculino;1
2024;GUATEMALA;AMATITLÁN;15a a 19 años;Femenino;1
2024;GUATEMALA;AMATITLÁN;15a a 19 años;Masculino;1
2024;GUATEMALA;AMATITLÁN;1a a 4 años;Femenino;1
2024;GUATEMALA;AMATITLÁN;20a a 24 años;Masculino;1
2024;GUATEMALA;AMATITLÁN;25a a 39 años;Masculino;1
2024;GUATEMALA;CHINAUTLA;25a a 39 años;Femenino;1
2024;GUATEMALA;FRAIJANES;15a a 19 años;Femenino;1
2024;GUATEMALA;GUATEMALA;10a a 14 años;Femenino;2
2024;GUATEMALA;GUATEMALA;10a a 14 años;Masculino;3
2024;GUATEMALA;GUATEMALA;15a a 19 años;Femenino;7
2024;GUATEMALA;GUATEMALA;1a a 4 años;Femenino;1
2024;GUATEMALA;GUATEMALA;20a a 24 años;Femenino;4
2024;GUATEMALA;GUATEMALA;20a a 24 años;Masculino;1
2024;GUATEMALA;GUATEMALA;25a a 39 años;Femenino;8
2024;GUATEMALA;GUATEMALA;25a a 39 años;Masculino;1
2024;GUATEMALA;GUATEMALA;40a a 49 años;Femenino;3
2024;GUATEMALA;GUATEMALA;50a a 59 años;Femenino;1
2024;GUATEMALA;GUATEMALA;5a a 9 años;Femenino;9
2024;GUATEMALA;GUATEMALA;5a a 9 años;Masculino;3
2024;GUATEMALA;GUATEMALA;60a a 64 años;Masculino;1
2024;GUATEMALA;GUATEMALA;65a a 69 años;Femenino;1
2024;GUATEMALA;GUATEMALA;< 1 mes;Femenino;1
2024;GUATEMALA;MIXCO;10a a 14 años;Femenino;1
2024;GUATEMALA;MIXCO;10a a 14 años;Masculino;2
2024;GUATEMALA;MIXCO;15a a 19 años;Femenino;1
2024;GUATEMALA;MIXCO;15a a 19 años;Masculino;3
2024;GUATEMALA;MIXCO;25a a 39 años;Masculino;1
2024;GUATEMALA;MIXCO;5a a 9 años;Femenino;2
2024;GUATEMALA;MIXCO;5a a 9 años;Masculino;2
2024;GUATEMALA;PALENCIA;10a a 14 años;Femenino;1
2024;GUATEMALA;PALENCIA;10a a 14 años;Masculino;1
2024;GUATEMALA;PALENCIA;15a a 19 años;Femenino;1
2024;GUATEMALA;PALENCIA;1a a 4 años;Masculino;2
2024;GUATEMALA;PALENCIA;25a a 39 años;Femenino;1
2024;GUATEMALA;PALENCIA;25a a 39 años;Masculino;1
2024;GUATEMALA;PALENCIA;40a a 49 años;Masculino;1
2024;GUATEMALA;PALENCIA;5a a 9 años;Femenino;2
2024;GUATEMALA;SAN JOSÉ DEL GOLFO;10a a 14 años;Femenino;1
2024;GUATEMALA;SAN JOSÉ DEL GOLFO;25a a 39 años;Masculino;1
2024;GUATEMALA;SAN JOSÉ PINULA;25a a 39 años;Masculino;1
2024;GUATEMALA;SAN JOSÉ PINULA;5a a 9 años;Masculino;1
2024;GUATEMALA;SAN JUAN SACATEPÉQUEZ;15a a 19 años;Femenino;1
2024;GUATEMALA;SAN JUAN SACATEPÉQUEZ;15a a 19 años;Masculino;1
2024;GUATEMALA;SAN JUAN SACATEPÉQUEZ;25a a 39 años;Femenino;2
2024;GUATEMALA;SAN JUAN SACATEPÉQUEZ;25a a 39 años;Masculino;1
2024;GUATEMALA;SAN MIGUEL PETAPA;15a a 19 años;Masculino;1
2024;GUATEMALA;SAN MIGUEL PETAPA;5a a 9 años;Masculino;1
2024;GUATEMALA;SAN PEDRO AYAMPUC;10a a 14 años;Masculino;1
2024;GUATEMALA;SAN PEDRO AYAMPUC;1a a 4 años;Masculino;1
2024;GUATEMALA;SAN PEDRO AYAMPUC;20a a 24 años;Femenino;1
2024;GUATEMALA;SAN PEDRO AYAMPUC;25a a 39 años;Femenino;1
2024;GUATEMALA;SANTA CATARINA PINULA;10a a 14 años;Femenino;3
2024;GUATEMALA;SANTA CATARINA PINULA;10a a 14 años;Masculino;2
2024;GUATEMALA;SANTA CATARINA PINULA;15a a 19 años;Femenino;5
2024;GUATEMALA;SANTA CATARINA PINULA;15a a 19 años;Masculino;1
2024;GUATEMALA;SANTA CATARINA PINULA;1a a 4 años;Femenino;3
2024;GUATEMALA;SANTA CATARINA PINULA;25a a 39 años;Femenino;7
2024;GUATEMALA;SANTA CATARINA PINULA;2m a < 1 año;Masculino;1
2024;GUATEMALA;SANTA CATARINA PINULA;40a a 49 años;Femenino;1
2024;GUATEMALA;SANTA CATARINA PINULA;40a a 49 años;Masculino;1
2024;GUATEMALA;SANTA CATARINA PINULA;5a a 9 años;Femenino;3
2024;GUATEMALA;SANTA CATARINA PINULA;5a a 9 años;Masculino;1
2024;GUATEMALA;VILLA CANALES;10a a 14 años;Masculino;1
2024;GUATEMALA;VILLA CANALES;1a a 4 años;Masculino;2
2024;GUATEMALA;VILLA CANALES;20a a 24 años;Masculino;1
2024;GUATEMALA;VILLA CANALES;25a a 39 años;Femenino;2
2024;GUATEMALA;VILLA CANALES;40a a 49 años;Femenino;1
2024;GUATEMALA;VILLA CANALES;5a a 9 años;Femenino;1
2024;GUATEMALA;VILLA CANALES;5a a 9 años;Masculino;2
2024;GUATEMALA;VILLA NUEVA;15a a 19 años;Femenino;1
2024;GUATEMALA;VILLA NUEVA;40a a 49 años;Femenino;1
2024;GUATEMALA;VILLA NUEVA;5a a 9 años;Femenino;1
2024;GUATEMALA;VILLA NUEVA;5a a 9 años;Masculino;1
2024;HUEHUETENANGO;HUEHUETENANGO;25a a 39 años;Femenino;1
2024;HUEHUETENANGO;JACALTENANGO;1a a 4 años;Femenino;1
2024;HUEHUETENANGO;JACALTENANGO;20a a 24 años;Masculino;1
2024;HUEHUETENANGO;JACALTENANGO;40a a 49 años;Masculino;1
2024;HUEHUETENANGO;LA DEMOCRACIA;10a a 14 años;Masculino;1
2024;HUEHUETENANGO;LA DEMOCRACIA;5a a 9 años;Femenino;1
2024;HUEHUETENANGO;SAN ILDELFONSO IXTAHUACÁN;40a a 49 años;Femenino;1
2024;HUEHUETENANGO;SAN PEDRO NECTA;20a a 24 años;Femenino;2
2024;HUEHUETENANGO;SAN PEDRO NECTA;60a a 64 años;Femenino;1
2024;HUEHUETENANGO;SANTA BÁRBARA;15a a 19 años;Masculino;1
2024;HUEHUETENANGO;SANTA BÁRBARA;25a a 39 años;Femenino;1
2024;HUEHUETENANGO;SANTA BÁRBARA;5a a 9 años;Masculino;1
2024;IZABAL;PUERTO BARRIOS;10a a 14 años;Masculino;1
2024;JALAPA;JALAPA;10a a 14 años;Femenino;2
2024;JALAPA;JALAPA;10a a 14 años;Masculino;1
2024;JALAPA;JALAPA;15a a 19 años;Femenino;1
2024;JALAPA;JALAPA;15a a 19 años;Masculino;2
2024;JALAPA;JALAPA;20a a 24 años;Femenino;1
2024;JALAPA;JALAPA;25a a 39 años;Femenino;2
2024;JALAPA;JALAPA;25a a 39 años;Masculino;1
2024;JALAPA;JALAPA;40a a 49 años;Masculino;1
2024;JALAPA;JALAPA;50a a 59 años;Femenino;1
2024;JALAPA;JALAPA;5a a 9 años;Masculino;1
2024;JALAPA;JALAPA;70a+;Masculino;1
2024;JALAPA;SAN PEDRO PINULA;10a a 14 años;Masculino;1
2024;JALAPA;SAN PEDRO PINULA;15a a 19 años;Femenino;1
2024;JALAPA;SAN PEDRO PINULA;15a a 19 años;Masculino;1
2024;JALAPA;SAN PEDRO PINULA;1a a 4 años;Masculino;1
2024;JUTIAPA;EL ADELANTO;10a a 14 años;Masculino;1
2024;JUTIAPA;EL ADELANTO;1a a 4 años;Femenino;1
2024;JUTIAPA;EL PROGRESO;10a a 14 años;Femenino;2
2024;JUTIAPA;EL PROGRESO;10a a 14 años;Masculino;1
2024;JUTIAPA;JUTIAPA;10a a 14 años;Femenino;3
2024;JUTIAPA;JUTIAPA;10a a 14 años;Masculino;2
2024;JUTIAPA;JUTIAPA;15a a 19 años;Femenino;2
2024;JUTIAPA;JUTIAPA;15a a 19 años;Masculino;4
2024;JUTIAPA;JUTIAPA;1a a 4 años;Masculino;2
2024;JUTIAPA;JUTIAPA;20a a 24 años;Femenino;2
2024;JUTIAPA;JUTIAPA;20a a 24 años;Masculino;1
2024;JUTIAPA;JUTIAPA;25a a 39 años;Femenino;3
2024;JUTIAPA;JUTIAPA;25a a 39 años;Masculino;1
2024;JUTIAPA;JUTIAPA;2m a < 1 año;Femenino;1
2024;JUTIAPA;JUTIAPA;40a a 49 años;Femenino;1
2024;JUTIAPA;JUTIAPA;50a a 59 años;Femenino;1
2024;JUTIAPA;JUTIAPA;50a a 59 años;Masculino;1
2024;JUTIAPA;JUTIAPA;5a a 9 años;Femenino;2
2024;JUTIAPA;JUTIAPA;5a a 9 años;Masculino;2
2024;JUTIAPA;JUTIAPA;60a a 64 años;Femenino;1
2024;JUTIAPA;JUTIAPA;70a+;Femenino;1
2024;JUTIAPA;JUTIAPA;< 1 mes;Masculino;1
2024;JUTIAPA;SANTA CATARINA MITA;10a a 14 años;Femenino;1
2024;QUETZALTENANGO;COATEPEQUE;10a a 14 años;Femenino;3
2024;QUETZALTENANGO;COATEPEQUE;10a a 14 años;Masculino;7
2024;QUETZALTENANGO;COATEPEQUE;15a a 19 años;Femenino;2
2024;QUETZALTENANGO;COATEPEQUE;1a a 4 años;Femenino;15
2024;QUETZALTENANGO;COATEPEQUE;1a a 4 años;Masculino;12
2024;QUETZALTENANGO;COATEPEQUE;20a a 24 años;Masculino;1
2024;QUETZALTENANGO;COATEPEQUE;25a a 39 años;Femenino;1
2024;QUETZALTENANGO;COATEPEQUE;2m a < 1 año;Femenino;3
2024;QUETZALTENANGO;COATEPEQUE;2m a < 1 año;Masculino;10
2024;QUETZALTENANGO;COATEPEQUE;40a a 49 años;Masculino;1
2024;QUETZALTENANGO;COATEPEQUE;50a a 59 años;Masculino;1
2024;QUETZALTENANGO;COATEPEQUE;5a a 9 años;Femenino;12
2024;QUETZALTENANGO;COATEPEQUE;5a a 9 años;Masculino;8
2024;QUETZALTENANGO;COATEPEQUE;65a a 69 años;Femenino;1
2024;QUETZALTENANGO;QUETZALTENANGO;25a a 39 años;Femenino;1
2024;QUETZALTENANGO;SAN JUAN OSTUNCALCO;20a a 24 años;Femenino;1
2024;QUICHE;CHICAMÁN;10a a 14 años;Masculino;1
2024;QUICHE;NEBAJ;25a a 39 años;Masculino;1
2024;QUICHE;NEBAJ;60a a 64 años;Masculino;1
2024;QUICHE;SAN MIGUEL USPANTÁN;40a a 49 años;Masculino;1
2024;QUICHE;SAN PEDRO JOCOPILAS;25a a 39 años;Masculino;1
2024;RETALHULEU;RETALHULEU;1a a 4 años;Femenino;1
2024;RETALHULEU;RETALHULEU;20a a 24 años;Femenino;2
2024;RETALHULEU;RETALHULEU;25a a 39 años;Masculino;1
2024;RETALHULEU;RETALHULEU;5a a 9 años;Femenino;3
2024;RETALHULEU;RETALHULEU;70a+;Femenino;1
2024;RETALHULEU;SANTA CRUZ MULÚA;1a a 4 años;Masculino;1
2024;SACATEPEQUEZ;ANTIGUA GUATEMALA;10a a 14 años;Masculino;1
2024;SACATEPEQUEZ;ANTIGUA GUATEMALA;15a a 19 años;Masculino;2
2024;SACATEPEQUEZ;ANTIGUA GUATEMALA;25a a 39 años;Femenino;4
2024;SACATEPEQUEZ;ANTIGUA GUATEMALA;40a a 49 años;Femenino;1
2024;SACATEPEQUEZ;ANTIGUA GUATEMALA;60a a 64 años;Femenino;1
2024;SACATEPEQUEZ;SUMPANGO;10a a 14 años;Masculino;1
2024;SACATEPEQUEZ;SUMPANGO;25a a 39 años;Femenino;1
2024;SACATEPEQUEZ;SUMPANGO;5a a 9 años;Femenino;1
2024;SAN MARCOS;EL QUETZAL;25a a 39 años;Femenino;1
2024;SAN MARCOS;EL TUMBADOR;25a a 39 años;Femenino;1
2024;SAN MARCOS;MALACATÁN;10a a 14 años;Femenino;4
2024;SAN MARCOS;MALACATÁN;10a a 14 años;Masculino;2
2024;SAN MARCOS;MALACATÁN;15a a 19 años;Femenino;3
2024;SAN MARCOS;MALACATÁN;15a a 19 años;Masculino;3
2024;SAN MARCOS;MALACATÁN;1a a 4 años;Femenino;2
2024;SAN MARCOS;MALACATÁN;1a a 4 años;Masculino;8
2024;SAN MARCOS;MALACATÁN;20a a 24 años;Femenino;1
2024;SAN MARCOS;MALACATÁN;25a a 39 años;Masculino;3
2024;SAN MARCOS;MALACATÁN;2m a < 1 año;Femenino;7
2024;SAN MARCOS;MALACATÁN;2m a < 1 año;Masculino;5
2024;SAN MARCOS;MALACATÁN;40a a 49 años;Femenino;1
2024;SAN MARCOS;MALACATÁN;50a a 59 años;Femenino;1
2024;SAN MARCOS;MALACATÁN;50a a 59 años;Masculino;2
2024;SAN MARCOS;MALACATÁN;5a a 9 años;Femenino;5
2024;SAN MARCOS;MALACATÁN;5a a 9 años;Masculino;5
2024;SAN MARCOS;MALACATÁN;60a a 64 años;Masculino;1
2024;SAN MARCOS;MALACATÁN;65a a 69 años;Femenino;1
2024;SAN MARCOS;MALACATÁN;< 1 mes;Masculino;1
2024;SAN MARCOS;NUEVO PROGRESO;5a a 9 años;Femenino;1
2024;SAN MARCOS;PAJAPITA;10a a 14 años;Femenino;1
2024;SAN MARCOS;PAJAPITA;20a a 24 años;Femenino;1
2024;SAN MARCOS;PAJAPITA;20a a 24 años;Masculino;1
2024;SAN MARCOS;SAN MARCOS;10a a 14 años;Masculino;1
2024;SAN MARCOS;SAN MARCOS;15a a 19 años;Femenino;1
2024;SAN MARCOS;SAN MARCOS;25a a 39 años;Masculino;1
2024;SAN MARCOS;SAN MARCOS;2m a < 1 año;Masculino;1
2024;SAN MARCOS;SAN MARCOS;70a+;Masculino;1
2024;SAN MARCOS;TEJUTLA;10a a 14 años;Masculino;1
2024;SANTA ROSA;CUILAPA;10a a 14 años;Femenino;5
2024;SANTA ROSA;CUILAPA;10a a 14 años;Masculino;3
2024;SANTA ROSA;CUILAPA;15a a 19 años;Femenino;5
2024;SANTA ROSA;CUILAPA;15a a 19 años;Masculino;1
2024;SANTA ROSA;CUILAPA;1a a 4 años;Femenino;8
2024;SANTA ROSA;CUILAPA;1a a 4 años;Masculino;1
2024;SANTA ROSA;CUILAPA;20a a 24 años;Femenino;9
2024;SANTA ROSA;CUILAPA;25a a 39 años;Femenino;5
2024;SANTA ROSA;CUILAPA;25a a 39 años;Masculino;3
2024;SANTA ROSA;CUILAPA;2m a < 1 año;Femenino;2
2024;SANTA ROSA;CUILAPA;2m a < 1 año;Masculino;1
2024;SANTA ROSA;CUILAPA;40a a 49 años;Masculino;1
2024;SANTA ROSA;CUILAPA;50a a 59 años;Femenino;1
2024;SANTA ROSA;CUILAPA;50a a 59 años;Masculino;2
2024;SANTA ROSA;CUILAPA;5a a 9 años;Femenino;6
2024;SANTA ROSA;CUILAPA;5a a 9 años;Masculino;8
2024;SANTA ROSA;CUILAPA;60a a 64 años;Femenino;2
2024;SANTA ROSA;CUILAPA;60a a 64 años;Masculino;1
2024;SANTA ROSA;CUILAPA;65a a 69 años;Femenino;1
2024;SANTA ROSA;CUILAPA;70a+;Masculino;2
2024;SANTA ROSA;SANTA ROSA DE LIMA;15a a 19 años;Femenino;1
2024;SOLOLA;NAHUALÁ;15a a 19 años;Masculino;1
2024;SOLOLA;NAHUALÁ;25a a 39 años;Femenino;1
2024;SOLOLA;NAHUALÁ;40a a 49 años;Femenino;1
2024;SOLOLA;PANAJACHEL;10a a 14 años;Femenino;5
2024;SOLOLA;PANAJACHEL;15a a 19 años;Femenino;3
2024;SOLOLA;PANAJACHEL;15a a 19 años;Masculino;1
2024;SOLOLA;PANAJACHEL;20a a 24 años;Femenino;4
2024;SOLOLA;PANAJACHEL;20a a 24 años;Masculino;1
2024;SOLOLA;PANAJACHEL;25a a 39 años;Femenino;7
2024;SOLOLA;PANAJACHEL;25a a 39 años;Masculino;3
2024;SOLOLA;PANAJACHEL;40a a 49 años;Femenino;2
2024;SOLOLA;PANAJACHEL;40a a 49 años;Masculino;2
2024;SOLOLA;PANAJACHEL;50a a 59 años;Femenino;1
2024;SOLOLA;PANAJACHEL;50a a 59 años;Masculino;1
2024;SOLOLA;PANAJACHEL;5a a 9 años;Femenino;4
2024;SOLOLA;PANAJACHEL;5a a 9 años;Masculino;1
2024;SOLOLA;PANAJACHEL;70a+;Masculino;2
2024;SOLOLA;SAN ANTONIO PALOPÓ;20a a 24 años;Femenino;1
2024;SOLOLA;SAN JUAN LA LAGUNA;1a a 4 años;Femenino;1
2024;SOLOLA;SAN JUAN LA LAGUNA;20a a 24 años;Femenino;1
2024;SOLOLA;SAN JUAN LA LAGUNA;25a a 39 años;Femenino;1
2024;SOLOLA;SAN JUAN LA LAGUNA;2m a < 1 año;Femenino;1
2024;SOLOLA;SAN JUAN LA LAGUNA;50a a 59 años;Masculino;1
2024;SOLOLA;SAN LUCAS TOLIMÁN;10a a 14 años;Femenino;1
2024;SOLOLA;SAN LUCAS TOLIMÁN;15a a 19 años;Masculino;1
2024;SOLOLA;SAN LUCAS TOLIMÁN;20a a 24 años;Femenino;2
2024;SOLOLA;SAN LUCAS TOLIMÁN;25a a 39 años;Femenino;2
2024;SOLOLA;SAN LUCAS TOLIMÁN;25a a 39 años;Masculino;1
2024;SOLOLA;SAN LUCAS TOLIMÁN;40a a 49 años;Femenino;1
2024;SOLOLA;SAN PEDRO LA LAGUNA;25a a 39 años;Femenino;1
2024;SOLOLA;SAN PEDRO LA LAGUNA;5a a 9 años;Femenino;1
2024;SOLOLA;SANTA CATARINA IXTAHUACÁN;20a a 24 años;Femenino;1
2024;SOLOLA;SANTA CRUZ LA LAGUNA;10a a 14 años;Femenino;1
2024;SOLOLA;SOLOLÁ;10a a 14 años;Masculino;1
2024;SOLOLA;SOLOLÁ;5a a 9 años;Masculino;1
2024;SUCHITEPEQUEZ;MAZATENANGO;10a a 14 años;Femenino;1
2024;SUCHITEPEQUEZ;MAZATENANGO;10a a 14 años;Masculino;1
2024;SUCHITEPEQUEZ;MAZATENANGO;15a a 19 años;Masculino;1
2024;SUCHITEPEQUEZ;MAZATENANGO;1a a 4 años;Masculino;1
2024;SUCHITEPEQUEZ;MAZATENANGO;20a a 24 años;Femenino;1
2024;SUCHITEPEQUEZ;MAZATENANGO;20a a 24 años;Masculino;1
2024;SUCHITEPEQUEZ;MAZATENANGO;25a a 39 años;Femenino;1
2024;SUCHITEPEQUEZ;MAZATENANGO;5a a 9 años;Femenino;4
2024;SUCHITEPEQUEZ;MAZATENANGO;5a a 9 años;Masculino;1
2024;SUCHITEPEQUEZ;MAZATENANGO;60a a 64 años;Masculino;1
2024;SUCHITEPEQUEZ;SAN MIGUEL PANÁN;5a a 9 años;Femenino;1
2024;ZACAPA;HUITÉ;15a a 19 años;Masculino;1
2024;ZACAPA;ZACAPA;10a a 14 años;Masculino;1
2024;ZACAPA;ZACAPA;15a a 19 años;Femenino;1
2024;ZACAPA;ZACAPA;20a a 24 años;Femenino;2
2024;ZACAPA;ZACAPA;25a a 39 años;Femenino;2
2024;ZACAPA;ZACAPA;50a a 59 años;Masculino;1
2024;ZACAPA;ZACAPA;5a a 9 años;Masculino;1
2024;ZACAPA;ZACAPA;70a+;Femenino;1
2024;ZACAPA;ZACAPA;70a+;Masculino;1
