Año;Departamento;Municipio;Grupo_Etario;Sexo;Casos
2015;ZACAPA;ZACAPA;< 1 mes;Femenino;1
2016;CHIQUIMULA;ESQUIPULAS;< 1 mes;Femenino;1
2016;CHIQUIMULA;SAN JUAN LA ERMITA;< 1 mes;Femenino;2
2016;GUATEMALA;GUATEMALA;< 1 mes;Femenino;5
2016;QUETZALTENANGO;COLOMBA;< 1 mes;Femenino;1
2017;ALTA VERAPAZ;FRAY BARTOLOMÉ DE LAS CASAS;< 1 mes;Femenino;2
2017;CHIQUIMULA;CHIQUIMULA;< 1 mes;Femenino;4
2017;GUATEMALA;AMATITLÁN;< 1 mes;Femenino;1
2017;GUATEMALA;GUATEMALA;< 1 mes;Femenino;25
2017;QUETZALTENANGO;COATEPEQUE;< 1 mes;Femenino;2
2018;GUATEMALA;AMATITLÁN;< 1 mes;Femenino;3
2018;GUATEMALA;GUATEMALA;< 1 mes;Femenino;8
2018;QUETZALTENANGO;COATEPEQUE;< 1 mes;Femenino;1
2018;SUCHITEPEQUEZ;MAZATENANGO;< 1 mes;Femenino;1
2019;CHIQUIMULA;CHIQUIMULA;< 1 mes;Femenino;2
2019;GUATEMALA;AMATITLÁN;< 1 mes;Femenino;2
2019;GUATEMALA;GUATEMALA;< 1 mes;Femenino;3
2019;GUATEMALA;SAN MIGUEL PETAPA;< 1 mes;Femenino;1
2020;GUATEMALA;AMATITLÁN;< 1 mes;Femenino;1
2024;GUATEMALA;GUATEMALA;< 1 mes;Femenino;1
2016;CHIQUIMULA;CHIQUIMULA;< 1 mes;Masculino;2
2016;GUATEMALA;AMATITLÁN;< 1 mes;Masculino;1
2016;GUATEMALA;GUATEMALA;< 1 mes;Masculino;5
2016;IZABAL;EL ESTOR;< 1 mes;Masculino;1
2016;QUETZALTENANGO;COLOMBA;< 1 mes;Masculino;1
2016;SUCHITEPEQUEZ;MAZATENANGO;< 1 mes;Masculino;1
2016;ZACAPA;ZACAPA;< 1 mes;Masculino;1
2017;GUATEMALA;AMATITLÁN;< 1 mes;Masculino;1
2017;GUATEMALA;GUATEMALA;< 1 mes;Masculino;24
2017;QUETZALTENANGO;COATEPEQUE;< 1 mes;Masculino;1
2018;GUATEMALA;AMATITLÁN;< 1 mes;Masculino;3
2018;GUATEMALA;GUATEMALA;< 1 mes;Masculino;2
2018;QUETZALTENANGO;COATEPEQUE;< 1 mes;Masculino;4
2019;GUATEMALA;GUATEMALA;< 1 mes;Masculino;2
2019;IZABAL;EL ESTOR;< 1 mes;Masculino;1
2019;SANTA ROSA;CUILAPA;< 1 mes;Masculino;1
2024;QUETZALTENANGO;COATEPEQUE;< 1 mes;Masculino;1
2016;CHIQUIMULA;ESQUIPULAS;1m a < 2m;Femenino;1
2016;IZABAL;LIVINGSTON;1m a < 2m;Femenino;1
2016;SANTA ROSA;NUEVA SANTA ROSA;1m a < 2m;Femenino;2
2016;ZACAPA;LA UNIÓN;1m a < 2m;Femenino;1
2017;GUATEMALA;GUATEMALA;1m a < 2m;Femenino;2
2018;GUATEMALA;GUATEMALA;1m a < 2m;Femenino;1
2018;SANTA ROSA;CUILAPA;1m a < 2m;Femenino;1
2018;ZACAPA;TECULUTÁN;1m a < 2m;Femenino;1
2019;GUATEMALA;AMATITLÁN;1m a < 2m;Femenino;1
2024;QUETZALTENANGO;COATEPEQUE;1m a < 2m;Femenino;1
2015;ZACAPA;ZACAPA;1m a < 2m;Masculino;1
2016;CHIQUIMULA;SAN JUAN LA ERMITA;1m a < 2m;Masculino;1
2016;GUATEMALA;GUATEMALA;1m a < 2m;Masculino;2
2017;GUATEMALA;GUATEMALA;1m a < 2m;Masculino;5
2017;ZACAPA;ZACAPA;1m a < 2m;Masculino;1
2019;SANTA ROSA;SAN RAFAEL LAS FLORES;1m a < 2m;Masculino;1
2023;QUETZALTENANGO;COATEPEQUE;1m a < 2m;Masculino;1
2015;ZACAPA;HUITÉ;2m a < 1 año;Femenino;1
2015;ZACAPA;ZACAPA;2m a < 1 año;Femenino;4
2016;CHIQUIMULA;ESQUIPULAS;2m a < 1 año;Femenino;3
2016;CHIQUIMULA;SAN JUAN LA ERMITA;2m a < 1 año;Femenino;5
2016;ESCUINTLA;GUANAGAZAPA;2m a < 1 año;Femenino;2
2016;GUATEMALA;GUATEMALA;2m a < 1 año;Femenino;2
2016;GUATEMALA;MIXCO;2m a < 1 año;Femenino;4
2016;GUATEMALA;SAN JOSÉ DEL GOLFO;2m a < 1 año;Femenino;1
2016;GUATEMALA;SAN JUAN SACATEPÉQUEZ;2m a < 1 año;Femenino;1
2016;IZABAL;EL ESTOR;2m a < 1 año;Femenino;1
2016;IZABAL;LIVINGSTON;2m a < 1 año;Femenino;1
2016;JUTIAPA;ATESCATEMPA;2m a < 1 año;Femenino;1
2016;JUTIAPA;SANTA CATARINA MITA;2m a < 1 año;Femenino;1
2016;QUETZALTENANGO;COATEPEQUE;2m a < 1 año;Femenino;1
2016;QUETZALTENANGO;FLORES COSTA CUCA;2m a < 1 año;Femenino;1
2016;SANTA ROSA;BARBERENA;2m a < 1 año;Femenino;1
2016;SANTA ROSA;NUEVA SANTA ROSA;2m a < 1 año;Femenino;1
2016;SANTA ROSA;PUEBLO NUEVO VIÑAS;2m a < 1 año;Femenino;2
2016;ZACAPA;GUALÁN;2m a < 1 año;Femenino;3
2016;ZACAPA;LA UNIÓN;2m a < 1 año;Femenino;1
2016;ZACAPA;ZACAPA;2m a < 1 año;Femenino;1
2017;GUATEMALA;GUATEMALA;2m a < 1 año;Femenino;6
2018;GUATEMALA;GUATEMALA;2m a < 1 año;Femenino;5
2019;EL PETEN;DOLORES;2m a < 1 año;Femenino;2
2019;ESCUINTLA;NUEVA CONCEPCIÓN;2m a < 1 año;Femenino;1
2019;GUATEMALA;GUATEMALA;2m a < 1 año;Femenino;2
2019;SANTA ROSA;SAN RAFAEL LAS FLORES;2m a < 1 año;Femenino;1
2021;BAJA VERAPAZ;SALAMÁ;2m a < 1 año;Femenino;1
2023;EL PETEN;SAN BENITO;2m a < 1 año;Femenino;1
2024;EL PETEN;SAN BENITO;2m a < 1 año;Femenino;2
2015;ZACAPA;ZACAPA;2m a < 1 año;Masculino;2
2016;CHIQUIMULA;ESQUIPULAS;2m a < 1 año;Masculino;6
2016;CHIQUIMULA;JOCOTÁN;2m a < 1 año;Masculino;2
2016;CHIQUIMULA;SAN JUAN LA ERMITA;2m a < 1 año;Masculino;2
2016;ESCUINTLA;GUANAGAZAPA;2m a < 1 año;Masculino;1
2016;GUATEMALA;GUATEMALA;2m a < 1 año;Masculino;4
2016;GUATEMALA;SAN JOSÉ DEL GOLFO;2m a < 1 año;Masculino;1
2016;JUTIAPA;SANTA CATARINA MITA;2m a < 1 año;Masculino;1
2016;QUETZALTENANGO;COATEPEQUE;2m a < 1 año;Masculino;1
2016;SANTA ROSA;BARBERENA;2m a < 1 año;Masculino;1
2016;SANTA ROSA;NUEVA SANTA ROSA;2m a < 1 año;Masculino;4
2016;ZACAPA;GUALÁN;2m a < 1 año;Masculino;3
2017;CHIQUIMULA;SAN JUAN LA ERMITA;2m a < 1 año;Masculino;1
2017;ESCUINTLA;LA GOMERA;2m a < 1 año;Masculino;1
2017;GUATEMALA;GUATEMALA;2m a < 1 año;Masculino;7
2017;QUICHE;PACHALÚN;2m a < 1 año;Masculino;1
2018;GUATEMALA;GUATEMALA;2m a < 1 año;Masculino;1
2018;QUETZALTENANGO;COATEPEQUE;2m a < 1 año;Masculino;1
2018;SUCHITEPEQUEZ;PATULUL;2m a < 1 año;Masculino;1
2019;GUATEMALA;AMATITLÁN;2m a < 1 año;Masculino;1
2019;GUATEMALA;GUATEMALA;2m a < 1 año;Masculino;3
2019;SANTA ROSA;SAN RAFAEL LAS FLORES;2m a < 1 año;Masculino;1
2019;ZACAPA;TECULUTÁN;2m a < 1 año;Masculino;1
2020;CHIMALTENANGO;POCHUTA;2m a < 1 año;Masculino;1
2021;SAN MARCOS;MALACATÁN;2m a < 1 año;Masculino;1
2024;EL PETEN;SAN BENITO;2m a < 1 año;Masculino;2
2015;IZABAL;LIVINGSTON;1a a 4 años;Femenino;1
2015;ZACAPA;RÍO HONDO;1a a 4 años;Femenino;1
2015;ZACAPA;TECULUTÁN;1a a 4 años;Femenino;2
2015;ZACAPA;ZACAPA;1a a 4 años;Femenino;3
2016;ALTA VERAPAZ;CHAHAL;1a a 4 años;Femenino;1
2016;ALTA VERAPAZ;SAN PEDRO CARCHÁ;1a a 4 años;Femenino;3
2016;CHIQUIMULA;ESQUIPULAS;1a a 4 años;Femenino;8
2016;CHIQUIMULA;IPALA;1a a 4 años;Femenino;1
2016;CHIQUIMULA;JOCOTÁN;1a a 4 años;Femenino;4
2016;CHIQUIMULA;SAN JUAN LA ERMITA;1a a 4 años;Femenino;4
2016;EL PETEN;LAS CRUCES;1a a 4 años;Femenino;1
2016;EL PETEN;POPTÚN;1a a 4 años;Femenino;1
2016;EL PROGRESO;SAN ANTONIO LA PAZ;1a a 4 años;Femenino;7
2016;EL PROGRESO;SANSARE;1a a 4 años;Femenino;1
2016;ESCUINTLA;ESCUINTLA;1a a 4 años;Femenino;1
2016;ESCUINTLA;MASAGUA;1a a 4 años;Femenino;1
2016;ESCUINTLA;PALÍN;1a a 4 años;Femenino;2
2016;GUATEMALA;GUATEMALA;1a a 4 años;Femenino;5
2016;GUATEMALA;MIXCO;1a a 4 años;Femenino;3
2016;GUATEMALA;SAN JOSÉ DEL GOLFO;1a a 4 años;Femenino;2
2016;GUATEMALA;SAN JUAN SACATEPÉQUEZ;1a a 4 años;Femenino;1
2016;GUATEMALA;VILLA NUEVA;1a a 4 años;Femenino;1
2016;IZABAL;EL ESTOR;1a a 4 años;Femenino;2
2016;IZABAL;LIVINGSTON;1a a 4 años;Femenino;2
2016;IZABAL;LOS AMATES;1a a 4 años;Femenino;2
2016;JALAPA;JALAPA;1a a 4 años;Femenino;4
2016;JUTIAPA;ATESCATEMPA;1a a 4 años;Femenino;4
2016;JUTIAPA;JUTIAPA;1a a 4 años;Femenino;1
2016;JUTIAPA;SANTA CATARINA MITA;1a a 4 años;Femenino;2
2016;QUETZALTENANGO;COATEPEQUE;1a a 4 años;Femenino;6
2016;QUETZALTENANGO;COLOMBA;1a a 4 años;Femenino;1
2016;QUETZALTENANGO;FLORES COSTA CUCA;1a a 4 años;Femenino;3
2016;QUETZALTENANGO;GÉNOVA;1a a 4 años;Femenino;1
2016;QUICHE;PACHALÚN;1a a 4 años;Femenino;6
2016;RETALHULEU;SAN FELIPE;1a a 4 años;Femenino;1
2016;RETALHULEU;SAN SEBASTIÁN;1a a 4 años;Femenino;1
2016;SANTA ROSA;BARBERENA;1a a 4 años;Femenino;4
2016;SANTA ROSA;CUILAPA;1a a 4 años;Femenino;1
2016;SANTA ROSA;NUEVA SANTA ROSA;1a a 4 años;Femenino;10
2016;SANTA ROSA;PUEBLO NUEVO VIÑAS;1a a 4 años;Femenino;6
2016;SUCHITEPEQUEZ;SAN FRANCISCO ZAPOTITLÁN;1a a 4 años;Femenino;2
2016;ZACAPA;GUALÁN;1a a 4 años;Femenino;7
2016;ZACAPA;LA UNIÓN;1a a 4 años;Femenino;1
2016;ZACAPA;TECULUTÁN;1a a 4 años;Femenino;1
2016;ZACAPA;ZACAPA;1a a 4 años;Femenino;2
2017;CHIQUIMULA;CHIQUIMULA;1a a 4 años;Femenino;1
2017;CHIQUIMULA;ESQUIPULAS;1a a 4 años;Femenino;2
2017;CHIQUIMULA;SAN JUAN LA ERMITA;1a a 4 años;Femenino;1
2017;GUATEMALA;GUATEMALA;1a a 4 años;Femenino;6
2017;GUATEMALA;VILLA CANALES;1a a 4 años;Femenino;1
2017;QUETZALTENANGO;FLORES COSTA CUCA;1a a 4 años;Femenino;2
2017;SANTA ROSA;CUILAPA;1a a 4 años;Femenino;2
2018;GUATEMALA;GUATEMALA;1a a 4 años;Femenino;2
2018;SANTA ROSA;CUILAPA;1a a 4 años;Femenino;1
2018;SUCHITEPEQUEZ;SANTO TOMÁS LA UNIÓN;1a a 4 años;Femenino;1
2018;ZACAPA;TECULUTÁN;1a a 4 años;Femenino;1
2019;CHIQUIMULA;ESQUIPULAS;1a a 4 años;Femenino;2
2019;GUATEMALA;GUATEMALA;1a a 4 años;Femenino;10
2019;SANTA ROSA;CUILAPA;1a a 4 años;Femenino;2
2019;ZACAPA;TECULUTÁN;1a a 4 años;Femenino;1
2020;QUETZALTENANGO;COATEPEQUE;1a a 4 años;Femenino;1
2020;ZACAPA;TECULUTÁN;1a a 4 años;Femenino;1
2024;ALTA VERAPAZ;CHISEC;1a a 4 años;Femenino;1
2024;EL PETEN;SAN BENITO;1a a 4 años;Femenino;1
2015;ESCUINTLA;MASAGUA;1a a 4 años;Masculino;1
2015;ZACAPA;GUALÁN;1a a 4 años;Masculino;1
2015;ZACAPA;ZACAPA;1a a 4 años;Masculino;8
2016;ALTA VERAPAZ;CAHABÓN;1a a 4 años;Masculino;1
2016;ALTA VERAPAZ;CHAHAL;1a a 4 años;Masculino;2
2016;CHIQUIMULA;CHIQUIMULA;1a a 4 años;Masculino;1
2016;CHIQUIMULA;ESQUIPULAS;1a a 4 años;Masculino;8
2016;CHIQUIMULA;QUETZALTEPEQUE;1a a 4 años;Masculino;2
2016;CHIQUIMULA;SAN JUAN LA ERMITA;1a a 4 años;Masculino;3
2016;EL PETEN;LAS CRUCES;1a a 4 años;Masculino;1
2016;EL PETEN;POPTÚN;1a a 4 años;Masculino;2
2016;EL PETEN;SAN ANDRÉS;1a a 4 años;Masculino;1
2016;EL PROGRESO;SAN ANTONIO LA PAZ;1a a 4 años;Masculino;7
2016;ESCUINTLA;ESCUINTLA;1a a 4 años;Masculino;1
2016;ESCUINTLA;GUANAGAZAPA;1a a 4 años;Masculino;1
2016;ESCUINTLA;LA DEMOCRACIA;1a a 4 años;Masculino;1
2016;ESCUINTLA;MASAGUA;1a a 4 años;Masculino;3
2016;ESCUINTLA;SAN VICENTE PACAYA;1a a 4 años;Masculino;1
2016;GUATEMALA;GUATEMALA;1a a 4 años;Masculino;5
2016;GUATEMALA;MIXCO;1a a 4 años;Masculino;4
2016;GUATEMALA;SAN JOSÉ DEL GOLFO;1a a 4 años;Masculino;1
2016;GUATEMALA;SAN JUAN SACATEPÉQUEZ;1a a 4 años;Masculino;2
2016;HUEHUETENANGO;LA DEMOCRACIA;1a a 4 años;Masculino;1
2016;IZABAL;EL ESTOR;1a a 4 años;Masculino;3
2016;IZABAL;LOS AMATES;1a a 4 años;Masculino;1
2016;JUTIAPA;ASUNCIÓN MITA;1a a 4 años;Masculino;2
2016;JUTIAPA;ATESCATEMPA;1a a 4 años;Masculino;3
2016;JUTIAPA;MOYUTA;1a a 4 años;Masculino;1
2016;JUTIAPA;SANTA CATARINA MITA;1a a 4 años;Masculino;4
2016;QUETZALTENANGO;COATEPEQUE;1a a 4 años;Masculino;6
2016;QUETZALTENANGO;FLORES COSTA CUCA;1a a 4 años;Masculino;5
2016;QUETZALTENANGO;GÉNOVA;1a a 4 años;Masculino;2
2016;QUICHE;PACHALÚN;1a a 4 años;Masculino;6
2016;RETALHULEU;EL ASINTAL;1a a 4 años;Masculino;3
2016;RETALHULEU;NUEVO SAN CARLOS;1a a 4 años;Masculino;1
2016;SAN MARCOS;CATARINA;1a a 4 años;Masculino;1
2016;SAN MARCOS;MALACATÁN;1a a 4 años;Masculino;2
2016;SANTA ROSA;BARBERENA;1a a 4 años;Masculino;16
2016;SANTA ROSA;CASILLAS;1a a 4 años;Masculino;1
2016;SANTA ROSA;CUILAPA;1a a 4 años;Masculino;2
2016;SANTA ROSA;NUEVA SANTA ROSA;1a a 4 años;Masculino;6
2016;SANTA ROSA;PUEBLO NUEVO VIÑAS;1a a 4 años;Masculino;10
2016;SUCHITEPEQUEZ;SAN FRANCISCO ZAPOTITLÁN;1a a 4 años;Masculino;1
2016;ZACAPA;CABAÑAS;1a a 4 años;Masculino;1
2016;ZACAPA;GUALÁN;1a a 4 años;Masculino;1
2016;ZACAPA;LA UNIÓN;1a a 4 años;Masculino;2
2016;ZACAPA;ZACAPA;1a a 4 años;Masculino;1
2017;CHIQUIMULA;CHIQUIMULA;1a a 4 años;Masculino;2
2017;CHIQUIMULA;ESQUIPULAS;1a a 4 años;Masculino;2
2017;ESCUINTLA;MASAGUA;1a a 4 años;Masculino;1
2017;GUATEMALA;GUATEMALA;1a a 4 años;Masculino;9
2017;JUTIAPA;ATESCATEMPA;1a a 4 años;Masculino;2
2017;QUICHE;PACHALÚN;1a a 4 años;Masculino;1
2017;SANTA ROSA;BARBERENA;1a a 4 años;Masculino;2
2017;SANTA ROSA;CUILAPA;1a a 4 años;Masculino;1
2017;ZACAPA;USUMATLÁN;1a a 4 años;Masculino;2
2018;EL PETEN;DOLORES;1a a 4 años;Masculino;1
2018;GUATEMALA;GUATEMALA;1a a 4 años;Masculino;5
2018;QUETZALTENANGO;COATEPEQUE;1a a 4 años;Masculino;2
2018;SUCHITEPEQUEZ;SAMAYAC;1a a 4 años;Masculino;1
2018;ZACAPA;TECULUTÁN;1a a 4 años;Masculino;1
2019;ALTA VERAPAZ;RAXRUHA;1a a 4 años;Masculino;1
2019;ESCUINTLA;PUERTO DE SAN JOSÉ;1a a 4 años;Masculino;1
2019;GUATEMALA;GUATEMALA;1a a 4 años;Masculino;4
2019;IZABAL;EL ESTOR;1a a 4 años;Masculino;1
2019;QUETZALTENANGO;FLORES COSTA CUCA;1a a 4 años;Masculino;1
2019;SANTA ROSA;CUILAPA;1a a 4 años;Masculino;3
2019;ZACAPA;TECULUTÁN;1a a 4 años;Masculino;1
2020;ESCUINTLA;PALÍN;1a a 4 años;Masculino;1
2020;SANTA ROSA;CUILAPA;1a a 4 años;Masculino;1
2020;SANTA ROSA;SAN RAFAEL LAS FLORES;1a a 4 años;Masculino;1
2020;ZACAPA;TECULUTÁN;1a a 4 años;Masculino;1
2023;ALTA VERAPAZ;SENAHÚ;1a a 4 años;Masculino;1
2023;EL PETEN;SAN BENITO;1a a 4 años;Masculino;3
2023;QUETZALTENANGO;COATEPEQUE;1a a 4 años;Masculino;1
2024;EL PETEN;SAN BENITO;1a a 4 años;Masculino;3
2015;ESCUINTLA;ESCUINTLA;5a a 9 años;Femenino;1
2015;ZACAPA;ZACAPA;5a a 9 años;Femenino;3
2016;ALTA VERAPAZ;CHAHAL;5a a 9 años;Femenino;1
2016;ALTA VERAPAZ;FRAY BARTOLOMÉ DE LAS CASAS;5a a 9 años;Femenino;1
2016;CHIQUIMULA;ESQUIPULAS;5a a 9 años;Femenino;9
2016;CHIQUIMULA;IPALA;5a a 9 años;Femenino;1
2016;CHIQUIMULA;JOCOTÁN;5a a 9 años;Femenino;4
2016;CHIQUIMULA;QUETZALTEPEQUE;5a a 9 años;Femenino;1
2016;CHIQUIMULA;SAN JUAN LA ERMITA;5a a 9 años;Femenino;2
2016;EL PETEN;DOLORES;5a a 9 años;Femenino;1
2016;EL PETEN;EL CHAL;5a a 9 años;Femenino;1
2016;EL PETEN;FLORES;5a a 9 años;Femenino;1
2016;EL PETEN;POPTÚN;5a a 9 años;Femenino;4
2016;EL PETEN;SAN LUIS;5a a 9 años;Femenino;2
2016;EL PROGRESO;SAN ANTONIO LA PAZ;5a a 9 años;Femenino;3
2016;ESCUINTLA;GUANAGAZAPA;5a a 9 años;Femenino;2
2016;ESCUINTLA;LA DEMOCRACIA;5a a 9 años;Femenino;1
2016;ESCUINTLA;SAN VICENTE PACAYA;5a a 9 años;Femenino;5
2016;GUATEMALA;AMATITLÁN;5a a 9 años;Femenino;1
2016;GUATEMALA;GUATEMALA;5a a 9 años;Femenino;10
2016;GUATEMALA;MIXCO;5a a 9 años;Femenino;11
2016;GUATEMALA;SAN JOSÉ DEL GOLFO;5a a 9 años;Femenino;1
2016;GUATEMALA;SANTA CATARINA PINULA;5a a 9 años;Femenino;1
2016;IZABAL;EL ESTOR;5a a 9 años;Femenino;1
2016;IZABAL;LIVINGSTON;5a a 9 años;Femenino;1
2016;JALAPA;JALAPA;5a a 9 años;Femenino;1
2016;JALAPA;SAN LUIS JILOTEPEQUE;5a a 9 años;Femenino;1
2016;JALAPA;SAN PEDRO PINULA;5a a 9 años;Femenino;1
2016;JUTIAPA;ATESCATEMPA;5a a 9 años;Femenino;4
2016;JUTIAPA;SANTA CATARINA MITA;5a a 9 años;Femenino;3
2016;QUETZALTENANGO;COATEPEQUE;5a a 9 años;Femenino;8
2016;QUETZALTENANGO;FLORES COSTA CUCA;5a a 9 años;Femenino;2
2016;QUETZALTENANGO;GÉNOVA;5a a 9 años;Femenino;1
2016;QUICHE;PACHALÚN;5a a 9 años;Femenino;3
2016;RETALHULEU;EL ASINTAL;5a a 9 años;Femenino;2
2016;RETALHULEU;SAN MARTÍN ZAPOTITLÁN;5a a 9 años;Femenino;3
2016;SAN MARCOS;MALACATÁN;5a a 9 años;Femenino;5
2016;SANTA ROSA;BARBERENA;5a a 9 años;Femenino;9
2016;SANTA ROSA;CUILAPA;5a a 9 años;Femenino;1
2016;SANTA ROSA;NUEVA SANTA ROSA;5a a 9 años;Femenino;8
2016;SANTA ROSA;PUEBLO NUEVO VIÑAS;5a a 9 años;Femenino;4
2016;SANTA ROSA;TAXISCO;5a a 9 años;Femenino;1
2016;SUCHITEPEQUEZ;CHICACAO;5a a 9 años;Femenino;1
2016;SUCHITEPEQUEZ;SAN FRANCISCO ZAPOTITLÁN;5a a 9 años;Femenino;1
2016;SUCHITEPEQUEZ;SAN GABRIEL;5a a 9 años;Femenino;1
2016;SUCHITEPEQUEZ;SANTO TOMÁS LA UNIÓN;5a a 9 años;Femenino;1
2016;ZACAPA;GUALÁN;5a a 9 años;Femenino;4
2016;ZACAPA;LA UNIÓN;5a a 9 años;Femenino;6
2016;ZACAPA;SAN JORGE;5a a 9 años;Femenino;1
2016;ZACAPA;ZACAPA;5a a 9 años;Femenino;5
2017;CHIQUIMULA;CHIQUIMULA;5a a 9 años;Femenino;3
2017;CHIQUIMULA;ESQUIPULAS;5a a 9 años;Femenino;1
2017;EL PETEN;SAN JOSÉ;5a a 9 años;Femenino;1
2017;ESCUINTLA;LA GOMERA;5a a 9 años;Femenino;1
2017;ESCUINTLA;NUEVA CONCEPCIÓN;5a a 9 años;Femenino;1
2017;GUATEMALA;GUATEMALA;5a a 9 años;Femenino;10
2017;GUATEMALA;SAN JOSÉ DEL GOLFO;5a a 9 años;Femenino;1
2017;IZABAL;PUERTO BARRIOS;5a a 9 años;Femenino;1
2017;QUETZALTENANGO;COATEPEQUE;5a a 9 años;Femenino;2
2017;QUICHE;PACHALÚN;5a a 9 años;Femenino;2
2017;SANTA ROSA;BARBERENA;5a a 9 años;Femenino;3
2017;ZACAPA;CABAÑAS;5a a 9 años;Femenino;1
2018;CHIQUIMULA;SAN JUAN LA ERMITA;5a a 9 años;Femenino;1
2018;ESCUINTLA;GUANAGAZAPA;5a a 9 años;Femenino;1
2018;GUATEMALA;GUATEMALA;5a a 9 años;Femenino;5
2018;IZABAL;LIVINGSTON;5a a 9 años;Femenino;2
2018;QUETZALTENANGO;COATEPEQUE;5a a 9 años;Femenino;1
2018;QUETZALTENANGO;FLORES COSTA CUCA;5a a 9 años;Femenino;1
2019;ALTA VERAPAZ;CHISEC;5a a 9 años;Femenino;1
2019;CHIMALTENANGO;YEPOCAPA;5a a 9 años;Femenino;1
2019;EL PETEN;DOLORES;5a a 9 años;Femenino;1
2019;EL PETEN;SAN LUIS;5a a 9 años;Femenino;2
2019;ESCUINTLA;LA DEMOCRACIA;5a a 9 años;Femenino;1
2019;GUATEMALA;CHINAUTLA;5a a 9 años;Femenino;1
2019;GUATEMALA;GUATEMALA;5a a 9 años;Femenino;23
2019;IZABAL;EL ESTOR;5a a 9 años;Femenino;1
2019;ZACAPA;GUALÁN;5a a 9 años;Femenino;1
2019;ZACAPA;SAN JORGE;5a a 9 años;Femenino;1
2019;ZACAPA;TECULUTÁN;5a a 9 años;Femenino;2
2020;GUATEMALA;GUATEMALA;5a a 9 años;Femenino;1
2020;QUETZALTENANGO;COATEPEQUE;5a a 9 años;Femenino;1
2020;ZACAPA;TECULUTÁN;5a a 9 años;Femenino;1
2023;EL PETEN;SAN BENITO;5a a 9 años;Femenino;2
2024;EL PETEN;EL CHAL;5a a 9 años;Femenino;1
2024;EL PETEN;SAN BENITO;5a a 9 años;Femenino;2
2024;GUATEMALA;GUATEMALA;5a a 9 años;Femenino;1
2024;SAN MARCOS;MALACATÁN;5a a 9 años;Femenino;3
2015;ESCUINTLA;ESCUINTLA;5a a 9 años;Masculino;1
2015;ZACAPA;RÍO HONDO;5a a 9 años;Masculino;1
2015;ZACAPA;ZACAPA;5a a 9 años;Masculino;1
2016;ALTA VERAPAZ;COBÁN;5a a 9 años;Masculino;2
2016;ALTA VERAPAZ;SAN PEDRO CARCHÁ;5a a 9 años;Masculino;1
2016;ALTA VERAPAZ;SANTA CRUZ VERAPAZ;5a a 9 años;Masculino;1
2016;CHIQUIMULA;CHIQUIMULA;5a a 9 años;Masculino;2
2016;CHIQUIMULA;ESQUIPULAS;5a a 9 años;Masculino;4
2016;CHIQUIMULA;IPALA;5a a 9 años;Masculino;2
2016;CHIQUIMULA;QUETZALTEPEQUE;5a a 9 años;Masculino;2
2016;CHIQUIMULA;SAN JUAN LA ERMITA;5a a 9 años;Masculino;6
2016;EL PETEN;POPTÚN;5a a 9 años;Masculino;1
2016;EL PROGRESO;SAN ANTONIO LA PAZ;5a a 9 años;Masculino;5
2016;ESCUINTLA;GUANAGAZAPA;5a a 9 años;Masculino;1
2016;ESCUINTLA;MASAGUA;5a a 9 años;Masculino;2
2016;GUATEMALA;AMATITLÁN;5a a 9 años;Masculino;1
2016;GUATEMALA;GUATEMALA;5a a 9 años;Masculino;11
2016;GUATEMALA;MIXCO;5a a 9 años;Masculino;8
2016;GUATEMALA;SAN JUAN SACATEPÉQUEZ;5a a 9 años;Masculino;2
2016;GUATEMALA;VILLA CANALES;5a a 9 años;Masculino;1
2016;GUATEMALA;VILLA NUEVA;5a a 9 años;Masculino;1
2016;HUEHUETENANGO;LA DEMOCRACIA;5a a 9 años;Masculino;1
2016;IZABAL;EL ESTOR;5a a 9 años;Masculino;2
2016;IZABAL;LIVINGSTON;5a a 9 años;Masculino;1
2016;IZABAL;PUERTO BARRIOS;5a a 9 años;Masculino;1
2016;JALAPA;JALAPA;5a a 9 años;Masculino;3
2016;JUTIAPA;ATESCATEMPA;5a a 9 años;Masculino;3
2016;JUTIAPA;SANTA CATARINA MITA;5a a 9 años;Masculino;4
2016;QUETZALTENANGO;COATEPEQUE;5a a 9 años;Masculino;6
2016;QUETZALTENANGO;COLOMBA;5a a 9 años;Masculino;3
2016;QUETZALTENANGO;EL PALMAR;5a a 9 años;Masculino;1
2016;QUETZALTENANGO;FLORES COSTA CUCA;5a a 9 años;Masculino;1
2016;QUETZALTENANGO;GÉNOVA;5a a 9 años;Masculino;4
2016;QUICHE;PACHALÚN;5a a 9 años;Masculino;4
2016;RETALHULEU;EL ASINTAL;5a a 9 años;Masculino;1
2016;RETALHULEU;RETALHULEU;5a a 9 años;Masculino;1
2016;RETALHULEU;SAN FELIPE;5a a 9 años;Masculino;1
2016;SACATEPEQUEZ;ANTIGUA GUATEMALA;5a a 9 años;Masculino;1
2016;SAN MARCOS;MALACATÁN;5a a 9 años;Masculino;3
2016;SANTA ROSA;BARBERENA;5a a 9 años;Masculino;6
2016;SANTA ROSA;CASILLAS;5a a 9 años;Masculino;1
2016;SANTA ROSA;CUILAPA;5a a 9 años;Masculino;5
2016;SANTA ROSA;NUEVA SANTA ROSA;5a a 9 años;Masculino;6
2016;SANTA ROSA;PUEBLO NUEVO VIÑAS;5a a 9 años;Masculino;2
2016;SOLOLA;SANTA CATARINA IXTAHUACÁN;5a a 9 años;Masculino;1
2016;SUCHITEPEQUEZ;SAN FRANCISCO ZAPOTITLÁN;5a a 9 años;Masculino;1
2016;SUCHITEPEQUEZ;SAN PABLO JOCOPILAS;5a a 9 años;Masculino;1
2016;ZACAPA;GUALÁN;5a a 9 años;Masculino;5
2016;ZACAPA;LA UNIÓN;5a a 9 años;Masculino;3
2016;ZACAPA;TECULUTÁN;5a a 9 años;Masculino;1
2016;ZACAPA;ZACAPA;5a a 9 años;Masculino;1
2017;CHIQUIMULA;CHIQUIMULA;5a a 9 años;Masculino;1
2017;CHIQUIMULA;ESQUIPULAS;5a a 9 años;Masculino;2
2017;EL PETEN;SAYAXCHÉ;5a a 9 años;Masculino;1
2017;ESCUINTLA;ESCUINTLA;5a a 9 años;Masculino;1
2017;ESCUINTLA;LA GOMERA;5a a 9 años;Masculino;1
2017;ESCUINTLA;SIQUINALÁ;5a a 9 años;Masculino;1
2017;GUATEMALA;GUATEMALA;5a a 9 años;Masculino;13
2017;GUATEMALA;VILLA NUEVA;5a a 9 años;Masculino;2
2017;QUETZALTENANGO;EL PALMAR;5a a 9 años;Masculino;1
2017;QUETZALTENANGO;FLORES COSTA CUCA;5a a 9 años;Masculino;1
2017;SANTA ROSA;BARBERENA;5a a 9 años;Masculino;1
2017;SANTA ROSA;CUILAPA;5a a 9 años;Masculino;1
2017;SUCHITEPEQUEZ;SAMAYAC;5a a 9 años;Masculino;1
2018;ESCUINTLA;SANTA LUCÍA COTZUMALGUAPA;5a a 9 años;Masculino;1
2018;GUATEMALA;GUATEMALA;5a a 9 años;Masculino;2
2018;GUATEMALA;MIXCO;5a a 9 años;Masculino;1
2018;QUETZALTENANGO;COATEPEQUE;5a a 9 años;Masculino;1
2018;SUCHITEPEQUEZ;SAMAYAC;5a a 9 años;Masculino;1
2018;SUCHITEPEQUEZ;SAN PABLO JOCOPILAS;5a a 9 años;Masculino;1
2018;ZACAPA;CABAÑAS;5a a 9 años;Masculino;1
2019;ALTA VERAPAZ;CHISEC;5a a 9 años;Masculino;3
2019;CHIQUIMULA;ESQUIPULAS;5a a 9 años;Masculino;1
2019;CHIQUIMULA;JOCOTÁN;5a a 9 años;Masculino;1
2019;EL PETEN;DOLORES;5a a 9 años;Masculino;1
2019;EL PETEN;SAN LUIS;5a a 9 años;Masculino;1
2019;GUATEMALA;GUATEMALA;5a a 9 años;Masculino;20
2019;GUATEMALA;SAN JUAN SACATEPÉQUEZ;5a a 9 años;Masculino;2
2019;JUTIAPA;JEREZ;5a a 9 años;Masculino;1
2019;QUICHE;PACHALÚN;5a a 9 años;Masculino;1
2019;RETALHULEU;SAN ANDRÉS VILLA SECA;5a a 9 años;Masculino;1
2019;SANTA ROSA;BARBERENA;5a a 9 años;Masculino;1
2019;SANTA ROSA;ORATORIO;5a a 9 años;Masculino;2
2019;SANTA ROSA;SAN RAFAEL LAS FLORES;5a a 9 años;Masculino;1
2019;ZACAPA;USUMATLÁN;5a a 9 años;Masculino;1
2020;JUTIAPA;JUTIAPA;5a a 9 años;Masculino;1
2022;GUATEMALA;GUATEMALA;5a a 9 años;Masculino;1
2023;EL PETEN;SAN BENITO;5a a 9 años;Masculino;4
2024;CHIMALTENANGO;CHIMALTENANGO;5a a 9 años;Masculino;1
2024;EL PETEN;SAN BENITO;5a a 9 años;Masculino;2
2015;CHIQUIMULA;CHIQUIMULA;10a  a 14 años;Femenino;1
2015;IZABAL;LIVINGSTON;10a  a 14 años;Femenino;1
2015;ZACAPA;GUALÁN;10a  a 14 años;Femenino;2
2015;ZACAPA;RÍO HONDO;10a  a 14 años;Femenino;1
2015;ZACAPA;TECULUTÁN;10a  a 14 años;Femenino;1
2015;ZACAPA;ZACAPA;10a  a 14 años;Femenino;4
2016;ALTA VERAPAZ;LA TINTA;10a  a 14 años;Femenino;1
2016;ALTA VERAPAZ;SAN PEDRO CARCHÁ;10a  a 14 años;Femenino;1
2016;ALTA VERAPAZ;SANTA CRUZ VERAPAZ;10a  a 14 años;Femenino;1
2016;BAJA VERAPAZ;CUBULCO;10a  a 14 años;Femenino;1
2016;CHIQUIMULA;CHIQUIMULA;10a  a 14 años;Femenino;1
2016;CHIQUIMULA;ESQUIPULAS;10a  a 14 años;Femenino;4
2016;CHIQUIMULA;IPALA;10a  a 14 años;Femenino;5
2016;CHIQUIMULA;JOCOTÁN;10a  a 14 años;Femenino;6
2016;CHIQUIMULA;SAN JUAN LA ERMITA;10a  a 14 años;Femenino;2
2016;EL PETEN;DOLORES;10a  a 14 años;Femenino;1
2016;EL PETEN;EL CHAL;10a  a 14 años;Femenino;1
2016;EL PETEN;LAS CRUCES;10a  a 14 años;Femenino;2
2016;EL PETEN;POPTÚN;10a  a 14 años;Femenino;2
2016;EL PETEN;SAN ANDRÉS;10a  a 14 años;Femenino;1
2016;EL PROGRESO;SAN ANTONIO LA PAZ;10a  a 14 años;Femenino;2
2016;ESCUINTLA;ESCUINTLA;10a  a 14 años;Femenino;1
2016;ESCUINTLA;NUEVA CONCEPCIÓN;10a  a 14 años;Femenino;3
2016;GUATEMALA;AMATITLÁN;10a  a 14 años;Femenino;1
2016;GUATEMALA;GUATEMALA;10a  a 14 años;Femenino;14
2016;GUATEMALA;MIXCO;10a  a 14 años;Femenino;13
2016;GUATEMALA;SAN JOSÉ DEL GOLFO;10a  a 14 años;Femenino;1
2016;GUATEMALA;SAN JOSÉ PINULA;10a  a 14 años;Femenino;1
2016;GUATEMALA;SAN JUAN SACATEPÉQUEZ;10a  a 14 años;Femenino;1
2016;HUEHUETENANGO;COLOTENANGO;10a  a 14 años;Femenino;1
2016;HUEHUETENANGO;LA DEMOCRACIA;10a  a 14 años;Femenino;1
2016;IZABAL;EL ESTOR;10a  a 14 años;Femenino;1
2016;IZABAL;LIVINGSTON;10a  a 14 años;Femenino;1
2016;IZABAL;LOS AMATES;10a  a 14 años;Femenino;1
2016;JALAPA;JALAPA;10a  a 14 años;Femenino;1
2016;JALAPA;SAN LUIS JILOTEPEQUE;10a  a 14 años;Femenino;2
2016;JALAPA;SAN MANUEL CHAPARRÓN;10a  a 14 años;Femenino;1
2016;JUTIAPA;ASUNCIÓN MITA;10a  a 14 años;Femenino;1
2016;JUTIAPA;ATESCATEMPA;10a  a 14 años;Femenino;3
2016;JUTIAPA;SANTA CATARINA MITA;10a  a 14 años;Femenino;2
2016;QUETZALTENANGO;COATEPEQUE;10a  a 14 años;Femenino;6
2016;QUETZALTENANGO;EL PALMAR;10a  a 14 años;Femenino;1
2016;QUETZALTENANGO;FLORES COSTA CUCA;10a  a 14 años;Femenino;5
2016;QUETZALTENANGO;GÉNOVA;10a  a 14 años;Femenino;6
2016;QUICHE;IXCÁN;10a  a 14 años;Femenino;1
2016;QUICHE;PACHALÚN;10a  a 14 años;Femenino;8
2016;RETALHULEU;EL ASINTAL;10a  a 14 años;Femenino;2
2016;RETALHULEU;RETALHULEU;10a  a 14 años;Femenino;1
2016;RETALHULEU;SAN MARTÍN ZAPOTITLÁN;10a  a 14 años;Femenino;2
2016;RETALHULEU;SANTA CRUZ MULÚA;10a  a 14 años;Femenino;1
2016;SAN MARCOS;MALACATÁN;10a  a 14 años;Femenino;1
2016;SANTA ROSA;BARBERENA;10a  a 14 años;Femenino;6
2016;SANTA ROSA;CUILAPA;10a  a 14 años;Femenino;2
2016;SANTA ROSA;NUEVA SANTA ROSA;10a  a 14 años;Femenino;3
2016;SANTA ROSA;PUEBLO NUEVO VIÑAS;10a  a 14 años;Femenino;6
2016;SUCHITEPEQUEZ;CUYOTENANGO;10a  a 14 años;Femenino;1
2016;SUCHITEPEQUEZ;MAZATENANGO;10a  a 14 años;Femenino;1
2016;SUCHITEPEQUEZ;SAMAYAC;10a  a 14 años;Femenino;1
2016;SUCHITEPEQUEZ;SAN FRANCISCO ZAPOTITLÁN;10a  a 14 años;Femenino;1
2016;SUCHITEPEQUEZ;SANTO TOMÁS LA UNIÓN;10a  a 14 años;Femenino;1
2016;ZACAPA;CABAÑAS;10a  a 14 años;Femenino;1
2016;ZACAPA;GUALÁN;10a  a 14 años;Femenino;7
2016;ZACAPA;HUITÉ;10a  a 14 años;Femenino;1
2016;ZACAPA;LA UNIÓN;10a  a 14 años;Femenino;13
2017;BAJA VERAPAZ;CUBULCO;10a  a 14 años;Femenino;1
2017;CHIQUIMULA;CHIQUIMULA;10a  a 14 años;Femenino;2
2017;ESCUINTLA;SIQUINALÁ;10a  a 14 años;Femenino;2
2017;GUATEMALA;GUATEMALA;10a  a 14 años;Femenino;7
2017;GUATEMALA;MIXCO;10a  a 14 años;Femenino;2
2017;GUATEMALA;VILLA CANALES;10a  a 14 años;Femenino;1
2017;JALAPA;SAN MANUEL CHAPARRÓN;10a  a 14 años;Femenino;1
2017;QUETZALTENANGO;COATEPEQUE;10a  a 14 años;Femenino;1
2017;QUICHE;PACHALÚN;10a  a 14 años;Femenino;1
2017;ZACAPA;TECULUTÁN;10a  a 14 años;Femenino;1
2017;ZACAPA;USUMATLÁN;10a  a 14 años;Femenino;1
2017;ZACAPA;ZACAPA;10a  a 14 años;Femenino;1
2018;GUATEMALA;GUATEMALA;10a  a 14 años;Femenino;2
2018;HUEHUETENANGO;HUEHUETENANGO;10a  a 14 años;Femenino;1
2018;QUETZALTENANGO;COATEPEQUE;10a  a 14 años;Femenino;2
2018;QUETZALTENANGO;FLORES COSTA CUCA;10a  a 14 años;Femenino;1
2018;ZACAPA;TECULUTÁN;10a  a 14 años;Femenino;1
2018;ZACAPA;ZACAPA;10a  a 14 años;Femenino;2
2019;ALTA VERAPAZ;TUCURÚ;10a  a 14 años;Femenino;1
2019;CHIQUIMULA;SAN JACINTO;10a  a 14 años;Femenino;1
2019;CHIQUIMULA;SAN JUAN LA ERMITA;10a  a 14 años;Femenino;1
2019;EL PETEN;SAN LUIS;10a  a 14 años;Femenino;2
2019;ESCUINTLA;SIQUINALÁ;10a  a 14 años;Femenino;2
2019;GUATEMALA;GUATEMALA;10a  a 14 años;Femenino;12
2019;JUTIAPA;JEREZ;10a  a 14 años;Femenino;1
2019;JUTIAPA;JUTIAPA;10a  a 14 años;Femenino;1
2019;QUETZALTENANGO;FLORES COSTA CUCA;10a  a 14 años;Femenino;1
2019;QUICHE;PACHALÚN;10a  a 14 años;Femenino;1
2019;SANTA ROSA;CUILAPA;10a  a 14 años;Femenino;1
2022;ESCUINTLA;ESCUINTLA;10a  a 14 años;Femenino;1
2023;EL PETEN;SAN BENITO;10a  a 14 años;Femenino;2
2024;EL PETEN;SAN BENITO;10a  a 14 años;Femenino;2
2024;GUATEMALA;VILLA CANALES;10a  a 14 años;Femenino;1
2015;ESCUINTLA;MASAGUA;10a  a 14 años;Masculino;1
2015;ZACAPA;RÍO HONDO;10a  a 14 años;Masculino;1
2015;ZACAPA;TECULUTÁN;10a  a 14 años;Masculino;1
2015;ZACAPA;ZACAPA;10a  a 14 años;Masculino;7
2016;ALTA VERAPAZ;COBÁN;10a  a 14 años;Masculino;2
2016;ALTA VERAPAZ;SAN PEDRO CARCHÁ;10a  a 14 años;Masculino;2
2016;CHIQUIMULA;CHIQUIMULA;10a  a 14 años;Masculino;1
2016;CHIQUIMULA;ESQUIPULAS;10a  a 14 años;Masculino;3
2016;CHIQUIMULA;JOCOTÁN;10a  a 14 años;Masculino;1
2016;CHIQUIMULA;QUETZALTEPEQUE;10a  a 14 años;Masculino;2
2016;CHIQUIMULA;SAN JUAN LA ERMITA;10a  a 14 años;Masculino;3
2016;EL PETEN;EL CHAL;10a  a 14 años;Masculino;1
2016;EL PETEN;LAS CRUCES;10a  a 14 años;Masculino;1
2016;EL PETEN;SAYAXCHÉ;10a  a 14 años;Masculino;1
2016;EL PROGRESO;SAN ANTONIO LA PAZ;10a  a 14 años;Masculino;2
2016;ESCUINTLA;GUANAGAZAPA;10a  a 14 años;Masculino;1
2016;ESCUINTLA;SANTA LUCÍA COTZUMALGUAPA;10a  a 14 años;Masculino;1
2016;ESCUINTLA;SAN VICENTE PACAYA;10a  a 14 años;Masculino;1
2016;GUATEMALA;AMATITLÁN;10a  a 14 años;Masculino;1
2016;GUATEMALA;GUATEMALA;10a  a 14 años;Masculino;22
2016;GUATEMALA;MIXCO;10a  a 14 años;Masculino;5
2016;GUATEMALA;SAN JUAN SACATEPÉQUEZ;10a  a 14 años;Masculino;1
2016;GUATEMALA;VILLA CANALES;10a  a 14 años;Masculino;1
2016;GUATEMALA;VILLA NUEVA;10a  a 14 años;Masculino;3
2016;IZABAL;EL ESTOR;10a  a 14 años;Masculino;1
2016;JALAPA;SAN LUIS JILOTEPEQUE;10a  a 14 años;Masculino;2
2016;JUTIAPA;ATESCATEMPA;10a  a 14 años;Masculino;1
2016;JUTIAPA;SANTA CATARINA MITA;10a  a 14 años;Masculino;1
2016;QUETZALTENANGO;COATEPEQUE;10a  a 14 años;Masculino;5
2016;QUETZALTENANGO;EL PALMAR;10a  a 14 años;Masculino;1
2016;QUETZALTENANGO;FLORES COSTA CUCA;10a  a 14 años;Masculino;6
2016;QUETZALTENANGO;GÉNOVA;10a  a 14 años;Masculino;3
2016;QUICHE;NEBAJ;10a  a 14 años;Masculino;1
2016;QUICHE;PACHALÚN;10a  a 14 años;Masculino;7
2016;RETALHULEU;SAN FELIPE;10a  a 14 años;Masculino;1
2016;SAN MARCOS;MALACATÁN;10a  a 14 años;Masculino;1
2016;SANTA ROSA;BARBERENA;10a  a 14 años;Masculino;6
2016;SANTA ROSA;CASILLAS;10a  a 14 años;Masculino;1
2016;SANTA ROSA;CUILAPA;10a  a 14 años;Masculino;4
2016;SANTA ROSA;NUEVA SANTA ROSA;10a  a 14 años;Masculino;2
2016;SANTA ROSA;PUEBLO NUEVO VIÑAS;10a  a 14 años;Masculino;3
2016;SUCHITEPEQUEZ;CUYOTENANGO;10a  a 14 años;Masculino;1
2016;SUCHITEPEQUEZ;SAMAYAC;10a  a 14 años;Masculino;1
2016;SUCHITEPEQUEZ;SANTO DOMINGO SUCHITEPÉQUEZ;10a  a 14 años;Masculino;1
2016;SUCHITEPEQUEZ;SANTO TOMÁS LA UNIÓN;10a  a 14 años;Masculino;1
2016;ZACAPA;CABAÑAS;10a  a 14 años;Masculino;1
2016;ZACAPA;HUITÉ;10a  a 14 años;Masculino;1
2016;ZACAPA;TECULUTÁN;10a  a 14 años;Masculino;1
2016;ZACAPA;USUMATLÁN;10a  a 14 años;Masculino;1
2017;CHIQUIMULA;ESQUIPULAS;10a  a 14 años;Masculino;2
2017;EL PETEN;EL CHAL;10a  a 14 años;Masculino;1
2017;ESCUINTLA;SIQUINALÁ;10a  a 14 años;Masculino;1
2017;GUATEMALA;AMATITLÁN;10a  a 14 años;Masculino;1
2017;GUATEMALA;GUATEMALA;10a  a 14 años;Masculino;7
2017;IZABAL;LOS AMATES;10a  a 14 años;Masculino;1
2017;QUETZALTENANGO;COATEPEQUE;10a  a 14 años;Masculino;2
2017;QUETZALTENANGO;COLOMBA;10a  a 14 años;Masculino;2
2017;QUETZALTENANGO;GÉNOVA;10a  a 14 años;Masculino;1
2017;SANTA ROSA;BARBERENA;10a  a 14 años;Masculino;1
2017;SANTA ROSA;PUEBLO NUEVO VIÑAS;10a  a 14 años;Masculino;1
2017;ZACAPA;CABAÑAS;10a  a 14 años;Masculino;1
2017;ZACAPA;USUMATLÁN;10a  a 14 años;Masculino;1
2017;ZACAPA;ZACAPA;10a  a 14 años;Masculino;1
2018;CHIMALTENANGO;YEPOCAPA;10a  a 14 años;Masculino;1
2018;ESCUINTLA;GUANAGAZAPA;10a  a 14 años;Masculino;1
2018;GUATEMALA;GUATEMALA;10a  a 14 años;Masculino;4
2018;QUETZALTENANGO;FLORES COSTA CUCA;10a  a 14 años;Masculino;1
2018;SANTA ROSA;BARBERENA;10a  a 14 años;Masculino;1
2018;SANTA ROSA;SANTA ROSA DE LIMA;10a  a 14 años;Masculino;1
2019;GUATEMALA;GUATEMALA;10a  a 14 años;Masculino;17
2019;IZABAL;EL ESTOR;10a  a 14 años;Masculino;1
2019;JUTIAPA;JEREZ;10a  a 14 años;Masculino;2
2019;QUETZALTENANGO;FLORES COSTA CUCA;10a  a 14 años;Masculino;1
2019;QUETZALTENANGO;GÉNOVA;10a  a 14 años;Masculino;1
2019;SUCHITEPEQUEZ;SANTO TOMÁS LA UNIÓN;10a  a 14 años;Masculino;1
2020;QUETZALTENANGO;FLORES COSTA CUCA;10a  a 14 años;Masculino;1
2023;EL PETEN;SAN BENITO;10a  a 14 años;Masculino;2
2023;QUETZALTENANGO;GÉNOVA;10a  a 14 años;Masculino;1
2024;EL PETEN;SAN BENITO;10a  a 14 años;Masculino;2
2024;GUATEMALA;GUATEMALA;10a  a 14 años;Masculino;1
2015;SUCHITEPEQUEZ;SANTO DOMINGO SUCHITEPÉQUEZ;15a  a 19 años;Femenino;1
2015;ZACAPA;ESTANZUELA;15a  a 19 años;Femenino;1
2015;ZACAPA;HUITÉ;15a  a 19 años;Femenino;2
2015;ZACAPA;RÍO HONDO;15a  a 19 años;Femenino;1
2015;ZACAPA;ZACAPA;15a  a 19 años;Femenino;1
2016;ALTA VERAPAZ;CHAHAL;15a  a 19 años;Femenino;3
2016;ALTA VERAPAZ;COBÁN;15a  a 19 años;Femenino;4
2016;ALTA VERAPAZ;SAN PEDRO CARCHÁ;15a  a 19 años;Femenino;1
2016;ALTA VERAPAZ;SANTA CRUZ VERAPAZ;15a  a 19 años;Femenino;1
2016;BAJA VERAPAZ;CUBULCO;15a  a 19 años;Femenino;2
2016;BAJA VERAPAZ;RABINAL;15a  a 19 años;Femenino;1
2016;BAJA VERAPAZ;SAN JERÓNIMO;15a  a 19 años;Femenino;1
2016;CHIQUIMULA;CHIQUIMULA;15a  a 19 años;Femenino;2
2016;CHIQUIMULA;CONCEPCIÓN LAS MINAS;15a  a 19 años;Femenino;1
2016;CHIQUIMULA;ESQUIPULAS;15a  a 19 años;Femenino;11
2016;CHIQUIMULA;IPALA;15a  a 19 años;Femenino;2
2016;CHIQUIMULA;JOCOTÁN;15a  a 19 años;Femenino;3
2016;CHIQUIMULA;SAN JUAN LA ERMITA;15a  a 19 años;Femenino;7
2016;EL PETEN;EL CHAL;15a  a 19 años;Femenino;1
2016;EL PETEN;POPTÚN;15a  a 19 años;Femenino;3
2016;EL PETEN;SAN LUIS;15a  a 19 años;Femenino;2
2016;EL PETEN;SAYAXCHÉ;15a  a 19 años;Femenino;1
2016;EL PROGRESO;SAN AGUSTÍN ACASAGUASTLÁN;15a  a 19 años;Femenino;1
2016;EL PROGRESO;SAN ANTONIO LA PAZ;15a  a 19 años;Femenino;2
2016;ESCUINTLA;ESCUINTLA;15a  a 19 años;Femenino;1
2016;ESCUINTLA;GUANAGAZAPA;15a  a 19 años;Femenino;2
2016;ESCUINTLA;LA DEMOCRACIA;15a  a 19 años;Femenino;1
2016;ESCUINTLA;MASAGUA;15a  a 19 años;Femenino;1
2016;ESCUINTLA;NUEVA CONCEPCIÓN;15a  a 19 años;Femenino;6
2016;ESCUINTLA;PUERTO DE SAN JOSÉ;15a  a 19 años;Femenino;1
2016;GUATEMALA;AMATITLÁN;15a  a 19 años;Femenino;4
2016;GUATEMALA;GUATEMALA;15a  a 19 años;Femenino;22
2016;GUATEMALA;MIXCO;15a  a 19 años;Femenino;12
2016;GUATEMALA;SAN JUAN SACATEPÉQUEZ;15a  a 19 años;Femenino;3
2016;GUATEMALA;VILLA CANALES;15a  a 19 años;Femenino;1
2016;HUEHUETENANGO;COLOTENANGO;15a  a 19 años;Femenino;1
2016;HUEHUETENANGO;LA DEMOCRACIA;15a  a 19 años;Femenino;1
2016;HUEHUETENANGO;SANTA ANA HUISTA;15a  a 19 años;Femenino;1
2016;IZABAL;LIVINGSTON;15a  a 19 años;Femenino;4
2016;IZABAL;LOS AMATES;15a  a 19 años;Femenino;1
2016;IZABAL;MORALES;15a  a 19 años;Femenino;1
2016;JALAPA;JALAPA;15a  a 19 años;Femenino;4
2016;JALAPA;SAN PEDRO PINULA;15a  a 19 años;Femenino;1
2016;JUTIAPA;ASUNCIÓN MITA;15a  a 19 años;Femenino;2
2016;JUTIAPA;ATESCATEMPA;15a  a 19 años;Femenino;1
2016;JUTIAPA;SANTA CATARINA MITA;15a  a 19 años;Femenino;5
2016;QUETZALTENANGO;COATEPEQUE;15a  a 19 años;Femenino;2
2016;QUETZALTENANGO;COLOMBA;15a  a 19 años;Femenino;2
2016;QUETZALTENANGO;EL PALMAR;15a  a 19 años;Femenino;3
2016;QUETZALTENANGO;FLORES COSTA CUCA;15a  a 19 años;Femenino;4
2016;QUETZALTENANGO;GÉNOVA;15a  a 19 años;Femenino;4
2016;QUICHE;PACHALÚN;15a  a 19 años;Femenino;11
2016;RETALHULEU;EL ASINTAL;15a  a 19 años;Femenino;1
2016;RETALHULEU;SAN FELIPE;15a  a 19 años;Femenino;5
2016;RETALHULEU;SANTA CRUZ MULÚA;15a  a 19 años;Femenino;1
2016;SACATEPEQUEZ;ANTIGUA GUATEMALA;15a  a 19 años;Femenino;2
2016;SAN MARCOS;MALACATÁN;15a  a 19 años;Femenino;3
2016;SANTA ROSA;BARBERENA;15a  a 19 años;Femenino;12
2016;SANTA ROSA;CUILAPA;15a  a 19 años;Femenino;3
2016;SANTA ROSA;NUEVA SANTA ROSA;15a  a 19 años;Femenino;7
2016;SANTA ROSA;ORATORIO;15a  a 19 años;Femenino;1
2016;SANTA ROSA;PUEBLO NUEVO VIÑAS;15a  a 19 años;Femenino;8
2016;SANTA ROSA;SAN RAFAEL LAS FLORES;15a  a 19 años;Femenino;3
2016;SUCHITEPEQUEZ;SAMAYAC;15a  a 19 años;Femenino;1
2016;SUCHITEPEQUEZ;SAN FRANCISCO ZAPOTITLÁN;15a  a 19 años;Femenino;3
2016;SUCHITEPEQUEZ;SANTA BÁRBARA;15a  a 19 años;Femenino;1
2016;SUCHITEPEQUEZ;SANTO DOMINGO SUCHITEPÉQUEZ;15a  a 19 años;Femenino;1
2016;ZACAPA;GUALÁN;15a  a 19 años;Femenino;11
2016;ZACAPA;LA UNIÓN;15a  a 19 años;Femenino;10
2016;ZACAPA;TECULUTÁN;15a  a 19 años;Femenino;1
2016;ZACAPA;ZACAPA;15a  a 19 años;Femenino;2
2017;CHIQUIMULA;CHIQUIMULA;15a  a 19 años;Femenino;8
2017;CHIQUIMULA;JOCOTÁN;15a  a 19 años;Femenino;1
2017;CHIQUIMULA;SAN JOSÉ LA ARADA;15a  a 19 años;Femenino;1
2017;CHIQUIMULA;SAN JUAN LA ERMITA;15a  a 19 años;Femenino;3
2017;EL PETEN;SAYAXCHÉ;15a  a 19 años;Femenino;1
2017;ESCUINTLA;ESCUINTLA;15a  a 19 años;Femenino;1
2017;ESCUINTLA;NUEVA CONCEPCIÓN;15a  a 19 años;Femenino;3
2017;ESCUINTLA;PUERTO DE SAN JOSÉ;15a  a 19 años;Femenino;2
2017;GUATEMALA;GUATEMALA;15a  a 19 años;Femenino;13
2017;JALAPA;SAN MANUEL CHAPARRÓN;15a  a 19 años;Femenino;1
2017;QUETZALTENANGO;COATEPEQUE;15a  a 19 años;Femenino;3
2017;QUETZALTENANGO;COLOMBA;15a  a 19 años;Femenino;2
2017;QUETZALTENANGO;FLORES COSTA CUCA;15a  a 19 años;Femenino;2
2017;QUICHE;PACHALÚN;15a  a 19 años;Femenino;1
2017;SANTA ROSA;BARBERENA;15a  a 19 años;Femenino;2
2017;ZACAPA;TECULUTÁN;15a  a 19 años;Femenino;2
2018;ESCUINTLA;NUEVA CONCEPCIÓN;15a  a 19 años;Femenino;4
2018;GUATEMALA;AMATITLÁN;15a  a 19 años;Femenino;2
2018;GUATEMALA;GUATEMALA;15a  a 19 años;Femenino;7
2018;IZABAL;LIVINGSTON;15a  a 19 años;Femenino;1
2018;JUTIAPA;AGUA BLANCA;15a  a 19 años;Femenino;2
2018;QUETZALTENANGO;COATEPEQUE;15a  a 19 años;Femenino;2
2018;QUETZALTENANGO;FLORES COSTA CUCA;15a  a 19 años;Femenino;2
2018;SANTA ROSA;SAN RAFAEL LAS FLORES;15a  a 19 años;Femenino;2
2018;ZACAPA;TECULUTÁN;15a  a 19 años;Femenino;1
2019;CHIMALTENANGO;YEPOCAPA;15a  a 19 años;Femenino;1
2019;CHIQUIMULA;CHIQUIMULA;15a  a 19 años;Femenino;1
2019;ESCUINTLA;NUEVA CONCEPCIÓN;15a  a 19 años;Femenino;1
2019;ESCUINTLA;SIQUINALÁ;15a  a 19 años;Femenino;1
2019;GUATEMALA;AMATITLÁN;15a  a 19 años;Femenino;2
2019;GUATEMALA;GUATEMALA;15a  a 19 años;Femenino;5
2019;GUATEMALA;SAN PEDRO AYAMPUC;15a  a 19 años;Femenino;1
2019;JUTIAPA;JEREZ;15a  a 19 años;Femenino;1
2019;QUETZALTENANGO;COATEPEQUE;15a  a 19 años;Femenino;1
2019;QUETZALTENANGO;FLORES COSTA CUCA;15a  a 19 años;Femenino;1
2019;SAN MARCOS;SAN MARCOS;15a  a 19 años;Femenino;1
2019;SANTA ROSA;SAN RAFAEL LAS FLORES;15a  a 19 años;Femenino;2
2019;SUCHITEPEQUEZ;MAZATENANGO;15a  a 19 años;Femenino;2
2019;SUCHITEPEQUEZ;PATULUL;15a  a 19 años;Femenino;1
2019;ZACAPA;TECULUTÁN;15a  a 19 años;Femenino;2
2020;SANTA ROSA;SAN RAFAEL LAS FLORES;15a  a 19 años;Femenino;1
2023;EL PETEN;SAN BENITO;15a  a 19 años;Femenino;5
2024;EL PETEN;SAN BENITO;15a  a 19 años;Femenino;4
2015;CHIQUIMULA;CHIQUIMULA;15a  a 19 años;Masculino;1
2015;IZABAL;LIVINGSTON;15a  a 19 años;Masculino;1
2015;ZACAPA;GUALÁN;15a  a 19 años;Masculino;2
2015;ZACAPA;ZACAPA;15a  a 19 años;Masculino;4
2016;ALTA VERAPAZ;CHAHAL;15a  a 19 años;Masculino;2
2016;ALTA VERAPAZ;SAN PEDRO CARCHÁ;15a  a 19 años;Masculino;2
2016;ALTA VERAPAZ;SANTA CRUZ VERAPAZ;15a  a 19 años;Masculino;1
2016;ALTA VERAPAZ;TACTIC;15a  a 19 años;Masculino;2
2016;CHIQUIMULA;CHIQUIMULA;15a  a 19 años;Masculino;1
2016;CHIQUIMULA;CONCEPCIÓN LAS MINAS;15a  a 19 años;Masculino;1
2016;CHIQUIMULA;ESQUIPULAS;15a  a 19 años;Masculino;5
2016;CHIQUIMULA;IPALA;15a  a 19 años;Masculino;2
2016;CHIQUIMULA;JOCOTÁN;15a  a 19 años;Masculino;3
2016;CHIQUIMULA;SAN JACINTO;15a  a 19 años;Masculino;1
2016;CHIQUIMULA;SAN JUAN LA ERMITA;15a  a 19 años;Masculino;7
2016;EL PETEN;DOLORES;15a  a 19 años;Masculino;1
2016;EL PETEN;EL CHAL;15a  a 19 años;Masculino;1
2016;EL PETEN;POPTÚN;15a  a 19 años;Masculino;2
2016;EL PETEN;SAYAXCHÉ;15a  a 19 años;Masculino;1
2016;EL PROGRESO;SAN ANTONIO LA PAZ;15a  a 19 años;Masculino;3
2016;ESCUINTLA;ESCUINTLA;15a  a 19 años;Masculino;1
2016;ESCUINTLA;GUANAGAZAPA;15a  a 19 años;Masculino;2
2016;ESCUINTLA;LA DEMOCRACIA;15a  a 19 años;Masculino;1
2016;ESCUINTLA;PUERTO DE SAN JOSÉ;15a  a 19 años;Masculino;1
2016;ESCUINTLA;SAN VICENTE PACAYA;15a  a 19 años;Masculino;1
2016;GUATEMALA;AMATITLÁN;15a  a 19 años;Masculino;2
2016;GUATEMALA;GUATEMALA;15a  a 19 años;Masculino;14
2016;GUATEMALA;MIXCO;15a  a 19 años;Masculino;8
2016;GUATEMALA;SAN PEDRO AYAMPUC;15a  a 19 años;Masculino;1
2016;GUATEMALA;VILLA CANALES;15a  a 19 años;Masculino;1
2016;IZABAL;LIVINGSTON;15a  a 19 años;Masculino;2
2016;IZABAL;LOS AMATES;15a  a 19 años;Masculino;1
2016;JALAPA;JALAPA;15a  a 19 años;Masculino;1
2016;JALAPA;SAN LUIS JILOTEPEQUE;15a  a 19 años;Masculino;2
2016;QUETZALTENANGO;COATEPEQUE;15a  a 19 años;Masculino;5
2016;QUETZALTENANGO;FLORES COSTA CUCA;15a  a 19 años;Masculino;3
2016;QUETZALTENANGO;GÉNOVA;15a  a 19 años;Masculino;3
2016;QUICHE;PACHALÚN;15a  a 19 años;Masculino;3
2016;RETALHULEU;RETALHULEU;15a  a 19 años;Masculino;1
2016;SANTA ROSA;BARBERENA;15a  a 19 años;Masculino;6
2016;SANTA ROSA;NUEVA SANTA ROSA;15a  a 19 años;Masculino;3
2016;SANTA ROSA;PUEBLO NUEVO VIÑAS;15a  a 19 años;Masculino;3
2016;SUCHITEPEQUEZ;SAN FRANCISCO ZAPOTITLÁN;15a  a 19 años;Masculino;1
2016;ZACAPA;CABAÑAS;15a  a 19 años;Masculino;2
2016;ZACAPA;GUALÁN;15a  a 19 años;Masculino;2
2016;ZACAPA;TECULUTÁN;15a  a 19 años;Masculino;1
2016;ZACAPA;ZACAPA;15a  a 19 años;Masculino;2
2017;CHIQUIMULA;JOCOTÁN;15a  a 19 años;Masculino;2
2017;GUATEMALA;GUATEMALA;15a  a 19 años;Masculino;7
2017;GUATEMALA;VILLA CANALES;15a  a 19 años;Masculino;3
2017;HUEHUETENANGO;HUEHUETENANGO;15a  a 19 años;Masculino;1
2017;QUETZALTENANGO;COATEPEQUE;15a  a 19 años;Masculino;1
2017;QUETZALTENANGO;GÉNOVA;15a  a 19 años;Masculino;1
2017;QUICHE;SACAPULAS;15a  a 19 años;Masculino;1
2017;SANTA ROSA;BARBERENA;15a  a 19 años;Masculino;1
2017;SUCHITEPEQUEZ;PATULUL;15a  a 19 años;Masculino;1
2017;ZACAPA;SAN DIEGO;15a  a 19 años;Masculino;1
2018;GUATEMALA;GUATEMALA;15a  a 19 años;Masculino;2
2018;HUEHUETENANGO;BARILLAS;15a  a 19 años;Masculino;1
2018;HUEHUETENANGO;JACALTENANGO;15a  a 19 años;Masculino;1
2018;IZABAL;LIVINGSTON;15a  a 19 años;Masculino;1
2018;QUETZALTENANGO;EL PALMAR;15a  a 19 años;Masculino;1
2018;ZACAPA;LA UNIÓN;15a  a 19 años;Masculino;1
2018;ZACAPA;TECULUTÁN;15a  a 19 años;Masculino;1
2019;ALTA VERAPAZ;RAXRUHA;15a  a 19 años;Masculino;1
2019;ESCUINTLA;PUERTO DE SAN JOSÉ;15a  a 19 años;Masculino;1
2019;GUATEMALA;GUATEMALA;15a  a 19 años;Masculino;14
2019;GUATEMALA;MIXCO;15a  a 19 años;Masculino;1
2019;SUCHITEPEQUEZ;PATULUL;15a  a 19 años;Masculino;1
2022;ALTA VERAPAZ;TUCURÚ;15a  a 19 años;Masculino;1
2022;JUTIAPA;CONGUACO;15a  a 19 años;Masculino;1
2015;GUATEMALA;AMATITLÁN;20a a 24 años;Femenino;1
2015;QUETZALTENANGO;COATEPEQUE;20a a 24 años;Femenino;1
2015;SUCHITEPEQUEZ;SAMAYAC;20a a 24 años;Femenino;1
2015;SUCHITEPEQUEZ;SANTO DOMINGO SUCHITEPÉQUEZ;20a a 24 años;Femenino;1
2015;ZACAPA;GUALÁN;20a a 24 años;Femenino;1
2015;ZACAPA;HUITÉ;20a a 24 años;Femenino;1
2015;ZACAPA;RÍO HONDO;20a a 24 años;Femenino;1
2015;ZACAPA;TECULUTÁN;20a a 24 años;Femenino;1
2015;ZACAPA;ZACAPA;20a a 24 años;Femenino;3
2016;ALTA VERAPAZ;CHAHAL;20a a 24 años;Femenino;1
2016;ALTA VERAPAZ;SAN PEDRO CARCHÁ;20a a 24 años;Femenino;2
2016;ALTA VERAPAZ;SANTA CRUZ VERAPAZ;20a a 24 años;Femenino;2
2016;BAJA VERAPAZ;SAN MIGUEL CHICAJ;20a a 24 años;Femenino;1
2016;CHIQUIMULA;CHIQUIMULA;20a a 24 años;Femenino;6
2016;CHIQUIMULA;ESQUIPULAS;20a a 24 años;Femenino;11
2016;CHIQUIMULA;IPALA;20a a 24 años;Femenino;1
2016;CHIQUIMULA;JOCOTÁN;20a a 24 años;Femenino;6
2016;CHIQUIMULA;QUETZALTEPEQUE;20a a 24 años;Femenino;1
2016;CHIQUIMULA;SAN JACINTO;20a a 24 años;Femenino;1
2016;CHIQUIMULA;SAN JOSÉ LA ARADA;20a a 24 años;Femenino;1
2016;CHIQUIMULA;SAN JUAN LA ERMITA;20a a 24 años;Femenino;12
2016;EL PETEN;EL CHAL;20a a 24 años;Femenino;1
2016;EL PETEN;FLORES;20a a 24 años;Femenino;1
2016;EL PETEN;POPTÚN;20a a 24 años;Femenino;3
2016;EL PETEN;SAN ANDRÉS;20a a 24 años;Femenino;1
2016;EL PETEN;SAN BENITO;20a a 24 años;Femenino;1
2016;EL PETEN;SAN LUIS;20a a 24 años;Femenino;2
2016;EL PETEN;SANTA ANA;20a a 24 años;Femenino;2
2016;EL PETEN;SAYAXCHÉ;20a a 24 años;Femenino;1
2016;EL PROGRESO;MORAZÁN;20a a 24 años;Femenino;1
2016;EL PROGRESO;SAN ANTONIO LA PAZ;20a a 24 años;Femenino;6
2016;ESCUINTLA;ESCUINTLA;20a a 24 años;Femenino;1
2016;ESCUINTLA;GUANAGAZAPA;20a a 24 años;Femenino;2
2016;ESCUINTLA;LA DEMOCRACIA;20a a 24 años;Femenino;3
2016;ESCUINTLA;MASAGUA;20a a 24 años;Femenino;3
2016;ESCUINTLA;NUEVA CONCEPCIÓN;20a a 24 años;Femenino;4
2016;ESCUINTLA;PALÍN;20a a 24 años;Femenino;3
2016;ESCUINTLA;PUERTO DE SAN JOSÉ;20a a 24 años;Femenino;1
2016;GUATEMALA;AMATITLÁN;20a a 24 años;Femenino;8
2016;GUATEMALA;GUATEMALA;20a a 24 años;Femenino;23
2016;GUATEMALA;MIXCO;20a a 24 años;Femenino;11
2016;GUATEMALA;SAN JOSÉ PINULA;20a a 24 años;Femenino;2
2016;GUATEMALA;SAN JUAN SACATEPÉQUEZ;20a a 24 años;Femenino;8
2016;GUATEMALA;VILLA CANALES;20a a 24 años;Femenino;2
2016;GUATEMALA;VILLA NUEVA;20a a 24 años;Femenino;3
2016;HUEHUETENANGO;CUILCO;20a a 24 años;Femenino;1
2016;HUEHUETENANGO;JACALTENANGO;20a a 24 años;Femenino;1
2016;HUEHUETENANGO;SANTA ANA HUISTA;20a a 24 años;Femenino;2
2016;IZABAL;EL ESTOR;20a a 24 años;Femenino;2
2016;IZABAL;LIVINGSTON;20a a 24 años;Femenino;4
2016;IZABAL;LOS AMATES;20a a 24 años;Femenino;1
2016;IZABAL;MORALES;20a a 24 años;Femenino;2
2016;JALAPA;JALAPA;20a a 24 años;Femenino;3
2016;JALAPA;SAN LUIS JILOTEPEQUE;20a a 24 años;Femenino;6
2016;JALAPA;SAN MANUEL CHAPARRÓN;20a a 24 años;Femenino;1
2016;JALAPA;SAN PEDRO PINULA;20a a 24 años;Femenino;1
2016;JUTIAPA;ATESCATEMPA;20a a 24 años;Femenino;2
2016;JUTIAPA;SANTA CATARINA MITA;20a a 24 años;Femenino;2
2016;QUETZALTENANGO;COATEPEQUE;20a a 24 años;Femenino;8
2016;QUETZALTENANGO;COLOMBA;20a a 24 años;Femenino;2
2016;QUETZALTENANGO;EL PALMAR;20a a 24 años;Femenino;3
2016;QUETZALTENANGO;FLORES COSTA CUCA;20a a 24 años;Femenino;4
2016;QUETZALTENANGO;GÉNOVA;20a a 24 años;Femenino;6
2016;QUICHE;IXCÁN;20a a 24 años;Femenino;1
2016;QUICHE;JOYABAJ;20a a 24 años;Femenino;1
2016;QUICHE;PACHALÚN;20a a 24 años;Femenino;10
2016;QUICHE;SACAPULAS;20a a 24 años;Femenino;1
2016;RETALHULEU;EL ASINTAL;20a a 24 años;Femenino;4
2016;RETALHULEU;NUEVO SAN CARLOS;20a a 24 años;Femenino;1
2016;RETALHULEU;RETALHULEU;20a a 24 años;Femenino;1
2016;RETALHULEU;SAN MARTÍN ZAPOTITLÁN;20a a 24 años;Femenino;1
2016;RETALHULEU;SAN SEBASTIÁN;20a a 24 años;Femenino;1
2016;SACATEPEQUEZ;ANTIGUA GUATEMALA;20a a 24 años;Femenino;1
2016;SAN MARCOS;MALACATÁN;20a a 24 años;Femenino;4
2016;SANTA ROSA;BARBERENA;20a a 24 años;Femenino;16
2016;SANTA ROSA;CUILAPA;20a a 24 años;Femenino;2
2016;SANTA ROSA;NUEVA SANTA ROSA;20a a 24 años;Femenino;15
2016;SANTA ROSA;ORATORIO;20a a 24 años;Femenino;1
2016;SANTA ROSA;PUEBLO NUEVO VIÑAS;20a a 24 años;Femenino;10
2016;SUCHITEPEQUEZ;MAZATENANGO;20a a 24 años;Femenino;1
2016;SUCHITEPEQUEZ;SAMAYAC;20a a 24 años;Femenino;2
2016;SUCHITEPEQUEZ;SAN PABLO JOCOPILAS;20a a 24 años;Femenino;2
2016;SUCHITEPEQUEZ;SANTO DOMINGO SUCHITEPÉQUEZ;20a a 24 años;Femenino;1
2016;ZACAPA;GUALÁN;20a a 24 años;Femenino;11
2016;ZACAPA;LA UNIÓN;20a a 24 años;Femenino;8
2016;ZACAPA;SAN JORGE;20a a 24 años;Femenino;1
2016;ZACAPA;TECULUTÁN;20a a 24 años;Femenino;1
2016;ZACAPA;ZACAPA;20a a 24 años;Femenino;3
2017;ALTA VERAPAZ;FRAY BARTOLOMÉ DE LAS CASAS;20a a 24 años;Femenino;1
2017;CHIQUIMULA;CHIQUIMULA;20a a 24 años;Femenino;7
2017;CHIQUIMULA;CONCEPCIÓN LAS MINAS;20a a 24 años;Femenino;1
2017;CHIQUIMULA;ESQUIPULAS;20a a 24 años;Femenino;2
2017;CHIQUIMULA;JOCOTÁN;20a a 24 años;Femenino;2
2017;CHIQUIMULA;SAN JUAN LA ERMITA;20a a 24 años;Femenino;1
2017;EL PETEN;POPTÚN;20a a 24 años;Femenino;2
2017;ESCUINTLA;NUEVA CONCEPCIÓN;20a a 24 años;Femenino;3
2017;GUATEMALA;AMATITLÁN;20a a 24 años;Femenino;2
2017;GUATEMALA;GUATEMALA;20a a 24 años;Femenino;31
2017;GUATEMALA;MIXCO;20a a 24 años;Femenino;1
2017;GUATEMALA;VILLA CANALES;20a a 24 años;Femenino;1
2017;JALAPA;JALAPA;20a a 24 años;Femenino;1
2017;JALAPA;SAN MANUEL CHAPARRÓN;20a a 24 años;Femenino;1
2017;JUTIAPA;SANTA CATARINA MITA;20a a 24 años;Femenino;1
2017;QUETZALTENANGO;COATEPEQUE;20a a 24 años;Femenino;1
2017;QUETZALTENANGO;GÉNOVA;20a a 24 años;Femenino;1
2017;SANTA ROSA;CUILAPA;20a a 24 años;Femenino;1
2017;SANTA ROSA;PUEBLO NUEVO VIÑAS;20a a 24 años;Femenino;2
2018;ALTA VERAPAZ;CHAHAL;20a a 24 años;Femenino;1
2018;EL PETEN;SAN LUIS;20a a 24 años;Femenino;1
2018;GUATEMALA;AMATITLÁN;20a a 24 años;Femenino;1
2018;GUATEMALA;GUATEMALA;20a a 24 años;Femenino;9
2018;QUETZALTENANGO;COATEPEQUE;20a a 24 años;Femenino;5
2018;QUETZALTENANGO;FLORES COSTA CUCA;20a a 24 años;Femenino;1
2018;SAN MARCOS;SAN PABLO;20a a 24 años;Femenino;1
2018;SANTA ROSA;ORATORIO;20a a 24 años;Femenino;1
2018;SANTA ROSA;SAN RAFAEL LAS FLORES;20a a 24 años;Femenino;1
2019;ALTA VERAPAZ;CHISEC;20a a 24 años;Femenino;1
2019;ALTA VERAPAZ;TUCURÚ;20a a 24 años;Femenino;1
2019;CHIMALTENANGO;YEPOCAPA;20a a 24 años;Femenino;1
2019;CHIQUIMULA;SAN JUAN LA ERMITA;20a a 24 años;Femenino;1
2019;EL PETEN;POPTÚN;20a a 24 años;Femenino;1
2019;ESCUINTLA;SIQUINALÁ;20a a 24 años;Femenino;1
2019;GUATEMALA;AMATITLÁN;20a a 24 años;Femenino;2
2019;GUATEMALA;GUATEMALA;20a a 24 años;Femenino;9
2019;QUETZALTENANGO;COATEPEQUE;20a a 24 años;Femenino;1
2019;QUETZALTENANGO;FLORES COSTA CUCA;20a a 24 años;Femenino;1
2019;SANTA ROSA;SAN RAFAEL LAS FLORES;20a a 24 años;Femenino;6
2019;SUCHITEPEQUEZ;MAZATENANGO;20a a 24 años;Femenino;1
2019;SUCHITEPEQUEZ;SANTO TOMÁS LA UNIÓN;20a a 24 años;Femenino;1
2019;SUCHITEPEQUEZ;ZUNILITO;20a a 24 años;Femenino;1
2019;ZACAPA;TECULUTÁN;20a a 24 años;Femenino;1
2020;CHIMALTENANGO;POCHUTA;20a a 24 años;Femenino;1
2021;BAJA VERAPAZ;SALAMÁ;20a a 24 años;Femenino;2
2021;SANTA ROSA;SAN RAFAEL LAS FLORES;20a a 24 años;Femenino;1
2022;BAJA VERAPAZ;GRANADOS;20a a 24 años;Femenino;1
2022;SACATEPEQUEZ;ANTIGUA GUATEMALA;20a a 24 años;Femenino;1
2023;EL PETEN;SAN BENITO;20a a 24 años;Femenino;3
2024;EL PETEN;SAN BENITO;20a a 24 años;Femenino;5
2024;QUETZALTENANGO;COATEPEQUE;20a a 24 años;Femenino;1
2015;GUATEMALA;GUATEMALA;20a a 24 años;Masculino;2
2015;QUICHE;SANTA CRUZ DEL QUICHÉ;20a a 24 años;Masculino;1
2015;SUCHITEPEQUEZ;SANTO DOMINGO SUCHITEPÉQUEZ;20a a 24 años;Masculino;1
2015;ZACAPA;GUALÁN;20a a 24 años;Masculino;5
2015;ZACAPA;TECULUTÁN;20a a 24 años;Masculino;1
2015;ZACAPA;ZACAPA;20a a 24 años;Masculino;5
2016;ALTA VERAPAZ;SANTA CRUZ VERAPAZ;20a a 24 años;Masculino;1
2016;BAJA VERAPAZ;CUBULCO;20a a 24 años;Masculino;2
2016;CHIQUIMULA;CHIQUIMULA;20a a 24 años;Masculino;2
2016;CHIQUIMULA;ESQUIPULAS;20a a 24 años;Masculino;4
2016;CHIQUIMULA;JOCOTÁN;20a a 24 años;Masculino;2
2016;CHIQUIMULA;SAN JUAN LA ERMITA;20a a 24 años;Masculino;9
2016;EL PETEN;FLORES;20a a 24 años;Masculino;1
2016;EL PETEN;LA LIBERTAD;20a a 24 años;Masculino;1
2016;EL PETEN;POPTÚN;20a a 24 años;Masculino;2
2016;EL PETEN;SAN ANDRÉS;20a a 24 años;Masculino;1
2016;EL PROGRESO;SAN ANTONIO LA PAZ;20a a 24 años;Masculino;2
2016;ESCUINTLA;ESCUINTLA;20a a 24 años;Masculino;2
2016;ESCUINTLA;GUANAGAZAPA;20a a 24 años;Masculino;1
2016;ESCUINTLA;PUERTO DE SAN JOSÉ;20a a 24 años;Masculino;1
2016;GUATEMALA;AMATITLÁN;20a a 24 años;Masculino;1
2016;GUATEMALA;GUATEMALA;20a a 24 años;Masculino;12
2016;GUATEMALA;MIXCO;20a a 24 años;Masculino;4
2016;GUATEMALA;SAN JOSÉ DEL GOLFO;20a a 24 años;Masculino;1
2016;GUATEMALA;VILLA NUEVA;20a a 24 años;Masculino;2
2016;HUEHUETENANGO;SAN ANTONIO HUISTA;20a a 24 años;Masculino;1
2016;IZABAL;LIVINGSTON;20a a 24 años;Masculino;1
2016;JALAPA;SAN LUIS JILOTEPEQUE;20a a 24 años;Masculino;1
2016;JALAPA;SAN PEDRO PINULA;20a a 24 años;Masculino;1
2016;JUTIAPA;ATESCATEMPA;20a a 24 años;Masculino;1
2016;JUTIAPA;SANTA CATARINA MITA;20a a 24 años;Masculino;3
2016;QUETZALTENANGO;COATEPEQUE;20a a 24 años;Masculino;1
2016;QUETZALTENANGO;COLOMBA;20a a 24 años;Masculino;1
2016;QUETZALTENANGO;EL PALMAR;20a a 24 años;Masculino;2
2016;QUETZALTENANGO;GÉNOVA;20a a 24 años;Masculino;1
2016;QUETZALTENANGO;LA ESPERANZA;20a a 24 años;Masculino;1
2016;QUICHE;IXCÁN;20a a 24 años;Masculino;1
2016;QUICHE;PACHALÚN;20a a 24 años;Masculino;2
2016;RETALHULEU;RETALHULEU;20a a 24 años;Masculino;2
2016;SAN MARCOS;MALACATÁN;20a a 24 años;Masculino;2
2016;SANTA ROSA;BARBERENA;20a a 24 años;Masculino;4
2016;SANTA ROSA;CASILLAS;20a a 24 años;Masculino;1
2016;SANTA ROSA;CUILAPA;20a a 24 años;Masculino;1
2016;SANTA ROSA;NUEVA SANTA ROSA;20a a 24 años;Masculino;2
2016;SANTA ROSA;PUEBLO NUEVO VIÑAS;20a a 24 años;Masculino;3
2016;ZACAPA;GUALÁN;20a a 24 años;Masculino;3
2017;CHIQUIMULA;ESQUIPULAS;20a a 24 años;Masculino;2
2017;CHIQUIMULA;JOCOTÁN;20a a 24 años;Masculino;1
2017;ESCUINTLA;ESCUINTLA;20a a 24 años;Masculino;1
2017;GUATEMALA;GUATEMALA;20a a 24 años;Masculino;3
2017;QUETZALTENANGO;COATEPEQUE;20a a 24 años;Masculino;1
2017;QUETZALTENANGO;FLORES COSTA CUCA;20a a 24 años;Masculino;1
2017;QUETZALTENANGO;GÉNOVA;20a a 24 años;Masculino;1
2017;SANTA ROSA;NUEVA SANTA ROSA;20a a 24 años;Masculino;1
2017;SANTA ROSA;PUEBLO NUEVO VIÑAS;20a a 24 años;Masculino;1
2018;GUATEMALA;GUATEMALA;20a a 24 años;Masculino;6
2018;GUATEMALA;MIXCO;20a a 24 años;Masculino;1
2018;HUEHUETENANGO;JACALTENANGO;20a a 24 años;Masculino;1
2018;IZABAL;LIVINGSTON;20a a 24 años;Masculino;1
2019;ALTA VERAPAZ;CHISEC;20a a 24 años;Masculino;1
2019;BAJA VERAPAZ;SALAMÁ;20a a 24 años;Masculino;1
2019;ESCUINTLA;NUEVA CONCEPCIÓN;20a a 24 años;Masculino;1
2019;ESCUINTLA;PUERTO DE SAN JOSÉ;20a a 24 años;Masculino;1
2019;GUATEMALA;GUATEMALA;20a a 24 años;Masculino;2
2019;SUCHITEPEQUEZ;PATULUL;20a a 24 años;Masculino;1
2020;BAJA VERAPAZ;SALAMÁ;20a a 24 años;Masculino;1
2021;BAJA VERAPAZ;SALAMÁ;20a a 24 años;Masculino;2
2023;EL PETEN;SAN BENITO;20a a 24 años;Masculino;4
2023;GUATEMALA;VILLA NUEVA;20a a 24 años;Masculino;1
2024;CHIQUIMULA;CHIQUIMULA;20a a 24 años;Masculino;1
2024;EL PETEN;SAN BENITO;20a a 24 años;Masculino;1
2015;CHIQUIMULA;CHIQUIMULA;25a a 39 años;Femenino;2
2015;ESCUINTLA;ESCUINTLA;25a a 39 años;Femenino;1
2015;IZABAL;LIVINGSTON;25a a 39 años;Femenino;1
2015;QUETZALTENANGO;COATEPEQUE;25a a 39 años;Femenino;1
2015;RETALHULEU;RETALHULEU;25a a 39 años;Femenino;2
2015;ZACAPA;ESTANZUELA;25a a 39 años;Femenino;2
2015;ZACAPA;GUALÁN;25a a 39 años;Femenino;6
2015;ZACAPA;HUITÉ;25a a 39 años;Femenino;3
2015;ZACAPA;RÍO HONDO;25a a 39 años;Femenino;5
2015;ZACAPA;TECULUTÁN;25a a 39 años;Femenino;4
2015;ZACAPA;USUMATLÁN;25a a 39 años;Femenino;1
2015;ZACAPA;ZACAPA;25a a 39 años;Femenino;20
2016;ALTA VERAPAZ;CHAHAL;25a a 39 años;Femenino;4
2016;ALTA VERAPAZ;COBÁN;25a a 39 años;Femenino;3
2016;ALTA VERAPAZ;FRAY BARTOLOMÉ DE LAS CASAS;25a a 39 años;Femenino;1
2016;ALTA VERAPAZ;SAN PEDRO CARCHÁ;25a a 39 años;Femenino;15
2016;ALTA VERAPAZ;SANTA CRUZ VERAPAZ;25a a 39 años;Femenino;5
2016;BAJA VERAPAZ;CUBULCO;25a a 39 años;Femenino;2
2016;BAJA VERAPAZ;RABINAL;25a a 39 años;Femenino;3
2016;CHIQUIMULA;CAMOTÁN;25a a 39 años;Femenino;1
2016;CHIQUIMULA;CHIQUIMULA;25a a 39 años;Femenino;11
2016;CHIQUIMULA;CONCEPCIÓN LAS MINAS;25a a 39 años;Femenino;6
2016;CHIQUIMULA;ESQUIPULAS;25a a 39 años;Femenino;32
2016;CHIQUIMULA;IPALA;25a a 39 años;Femenino;6
2016;CHIQUIMULA;JOCOTÁN;25a a 39 años;Femenino;15
2016;CHIQUIMULA;QUETZALTEPEQUE;25a a 39 años;Femenino;6
2016;CHIQUIMULA;SAN JUAN LA ERMITA;25a a 39 años;Femenino;16
2016;EL PETEN;DOLORES;25a a 39 años;Femenino;3
2016;EL PETEN;EL CHAL;25a a 39 años;Femenino;3
2016;EL PETEN;FLORES;25a a 39 años;Femenino;2
2016;EL PETEN;LA LIBERTAD;25a a 39 años;Femenino;2
2016;EL PETEN;LAS CRUCES;25a a 39 años;Femenino;2
2016;EL PETEN;POPTÚN;25a a 39 años;Femenino;24
2016;EL PETEN;SAN ANDRÉS;25a a 39 años;Femenino;1
2016;EL PETEN;SAN BENITO;25a a 39 años;Femenino;1
2016;EL PETEN;SAN LUIS;25a a 39 años;Femenino;5
2016;EL PETEN;SANTA ANA;25a a 39 años;Femenino;2
2016;EL PETEN;SAYAXCHÉ;25a a 39 años;Femenino;5
2016;EL PROGRESO;SAN ANTONIO LA PAZ;25a a 39 años;Femenino;17
2016;ESCUINTLA;ESCUINTLA;25a a 39 años;Femenino;2
2016;ESCUINTLA;GUANAGAZAPA;25a a 39 años;Femenino;3
2016;ESCUINTLA;MASAGUA;25a a 39 años;Femenino;2
2016;ESCUINTLA;NUEVA CONCEPCIÓN;25a a 39 años;Femenino;5
2016;ESCUINTLA;PALÍN;25a a 39 años;Femenino;6
2016;ESCUINTLA;SAN VICENTE PACAYA;25a a 39 años;Femenino;6
2016;ESCUINTLA;TIQUISATE;25a a 39 años;Femenino;1
2016;GUATEMALA;AMATITLÁN;25a a 39 años;Femenino;16
2016;GUATEMALA;CHINAUTLA;25a a 39 años;Femenino;3
2016;GUATEMALA;CHUARRANCHO;25a a 39 años;Femenino;1
2016;GUATEMALA;GUATEMALA;25a a 39 años;Femenino;76
2016;GUATEMALA;MIXCO;25a a 39 años;Femenino;36
2016;GUATEMALA;SAN JOSÉ DEL GOLFO;25a a 39 años;Femenino;10
2016;GUATEMALA;SAN JOSÉ PINULA;25a a 39 años;Femenino;2
2016;GUATEMALA;SAN JUAN SACATEPÉQUEZ;25a a 39 años;Femenino;7
2016;GUATEMALA;SAN MIGUEL PETAPA;25a a 39 años;Femenino;4
2016;GUATEMALA;SANTA CATARINA PINULA;25a a 39 años;Femenino;1
2016;GUATEMALA;VILLA CANALES;25a a 39 años;Femenino;4
2016;GUATEMALA;VILLA NUEVA;25a a 39 años;Femenino;6
2016;HUEHUETENANGO;JACALTENANGO;25a a 39 años;Femenino;1
2016;HUEHUETENANGO;LA DEMOCRACIA;25a a 39 años;Femenino;2
2016;HUEHUETENANGO;SANTA ANA HUISTA;25a a 39 años;Femenino;3
2016;IZABAL;EL ESTOR;25a a 39 años;Femenino;1
2016;IZABAL;LIVINGSTON;25a a 39 años;Femenino;5
2016;IZABAL;LOS AMATES;25a a 39 años;Femenino;1
2016;IZABAL;PUERTO BARRIOS;25a a 39 años;Femenino;1
2016;JALAPA;JALAPA;25a a 39 años;Femenino;14
2016;JALAPA;MONJAS;25a a 39 años;Femenino;1
2016;JALAPA;SAN LUIS JILOTEPEQUE;25a a 39 años;Femenino;9
2016;JALAPA;SAN MANUEL CHAPARRÓN;25a a 39 años;Femenino;2
2016;JALAPA;SAN PEDRO PINULA;25a a 39 años;Femenino;3
2016;JUTIAPA;ASUNCIÓN MITA;25a a 39 años;Femenino;8
2016;JUTIAPA;ATESCATEMPA;25a a 39 años;Femenino;5
2016;JUTIAPA;COMAPA;25a a 39 años;Femenino;1
2016;JUTIAPA;SANTA CATARINA MITA;25a a 39 años;Femenino;5
2016;QUETZALTENANGO;CAJOLÁ;25a a 39 años;Femenino;1
2016;QUETZALTENANGO;COATEPEQUE;25a a 39 años;Femenino;50
2016;QUETZALTENANGO;COLOMBA;25a a 39 años;Femenino;5
2016;QUETZALTENANGO;EL PALMAR;25a a 39 años;Femenino;5
2016;QUETZALTENANGO;FLORES COSTA CUCA;25a a 39 años;Femenino;9
2016;QUETZALTENANGO;GÉNOVA;25a a 39 años;Femenino;13
2016;QUETZALTENANGO;LA ESPERANZA;25a a 39 años;Femenino;2
2016;QUICHE;IXCÁN;25a a 39 años;Femenino;5
2016;QUICHE;PACHALÚN;25a a 39 años;Femenino;15
2016;QUICHE;SACAPULAS;25a a 39 años;Femenino;1
2016;RETALHULEU;EL ASINTAL;25a a 39 años;Femenino;5
2016;RETALHULEU;RETALHULEU;25a a 39 años;Femenino;4
2016;RETALHULEU;SAN FELIPE;25a a 39 años;Femenino;5
2016;RETALHULEU;SAN MARTÍN ZAPOTITLÁN;25a a 39 años;Femenino;1
2016;SACATEPEQUEZ;ALOTENANGO;25a a 39 años;Femenino;1
2016;SACATEPEQUEZ;ANTIGUA GUATEMALA;25a a 39 años;Femenino;2
2016;SAN MARCOS;MALACATÁN;25a a 39 años;Femenino;14
2016;SAN MARCOS;SAN PABLO;25a a 39 años;Femenino;2
2016;SANTA ROSA;BARBERENA;25a a 39 años;Femenino;35
2016;SANTA ROSA;CUILAPA;25a a 39 años;Femenino;9
2016;SANTA ROSA;NUEVA SANTA ROSA;25a a 39 años;Femenino;15
2016;SANTA ROSA;ORATORIO;25a a 39 años;Femenino;9
2016;SANTA ROSA;PUEBLO NUEVO VIÑAS;25a a 39 años;Femenino;18
2016;SANTA ROSA;SAN RAFAEL LAS FLORES;25a a 39 años;Femenino;1
2016;SOLOLA;SANTA CATARINA IXTAHUACÁN;25a a 39 años;Femenino;3
2016;SUCHITEPEQUEZ;CUYOTENANGO;25a a 39 años;Femenino;1
2016;SUCHITEPEQUEZ;MAZATENANGO;25a a 39 años;Femenino;3
2016;SUCHITEPEQUEZ;SAMAYAC;25a a 39 años;Femenino;5
2016;SUCHITEPEQUEZ;SAN FRANCISCO ZAPOTITLÁN;25a a 39 años;Femenino;3
2016;SUCHITEPEQUEZ;SAN JOSÉ EL IDOLO;25a a 39 años;Femenino;2
2016;SUCHITEPEQUEZ;SANTO DOMINGO SUCHITEPÉQUEZ;25a a 39 años;Femenino;10
2016;SUCHITEPEQUEZ;SANTO TOMÁS LA UNIÓN;25a a 39 años;Femenino;3
2016;ZACAPA;CABAÑAS;25a a 39 años;Femenino;1
2016;ZACAPA;GUALÁN;25a a 39 años;Femenino;25
2016;ZACAPA;HUITÉ;25a a 39 años;Femenino;1
2016;ZACAPA;LA UNIÓN;25a a 39 años;Femenino;34
2016;ZACAPA;SAN JORGE;25a a 39 años;Femenino;1
2016;ZACAPA;TECULUTÁN;25a a 39 años;Femenino;6
2016;ZACAPA;USUMATLÁN;25a a 39 años;Femenino;3
2016;ZACAPA;ZACAPA;25a a 39 años;Femenino;5
2017;BAJA VERAPAZ;CUBULCO;25a a 39 años;Femenino;1
2017;CHIQUIMULA;CAMOTÁN;25a a 39 años;Femenino;5
2017;CHIQUIMULA;CHIQUIMULA;25a a 39 años;Femenino;12
2017;CHIQUIMULA;IPALA;25a a 39 años;Femenino;1
2017;CHIQUIMULA;JOCOTÁN;25a a 39 años;Femenino;4
2017;CHIQUIMULA;QUETZALTEPEQUE;25a a 39 años;Femenino;1
2017;CHIQUIMULA;SAN JUAN LA ERMITA;25a a 39 años;Femenino;1
2017;EL PETEN;DOLORES;25a a 39 años;Femenino;1
2017;EL PETEN;POPTÚN;25a a 39 años;Femenino;1
2017;ESCUINTLA;GUANAGAZAPA;25a a 39 años;Femenino;1
2017;ESCUINTLA;LA GOMERA;25a a 39 años;Femenino;1
2017;ESCUINTLA;MASAGUA;25a a 39 años;Femenino;1
2017;ESCUINTLA;NUEVA CONCEPCIÓN;25a a 39 años;Femenino;3
2017;ESCUINTLA;PUERTO DE SAN JOSÉ;25a a 39 años;Femenino;1
2017;ESCUINTLA;SIQUINALÁ;25a a 39 años;Femenino;1
2017;GUATEMALA;AMATITLÁN;25a a 39 años;Femenino;1
2017;GUATEMALA;GUATEMALA;25a a 39 años;Femenino;31
2017;GUATEMALA;MIXCO;25a a 39 años;Femenino;2
2017;GUATEMALA;SAN PEDRO AYAMPUC;25a a 39 años;Femenino;1
2017;GUATEMALA;VILLA CANALES;25a a 39 años;Femenino;1
2017;HUEHUETENANGO;LA DEMOCRACIA;25a a 39 años;Femenino;1
2017;IZABAL;LIVINGSTON;25a a 39 años;Femenino;1
2017;IZABAL;LOS AMATES;25a a 39 años;Femenino;3
2017;JALAPA;MONJAS;25a a 39 años;Femenino;1
2017;JUTIAPA;ATESCATEMPA;25a a 39 años;Femenino;3
2017;JUTIAPA;SANTA CATARINA MITA;25a a 39 años;Femenino;1
2017;QUETZALTENANGO;COATEPEQUE;25a a 39 años;Femenino;13
2017;QUETZALTENANGO;FLORES COSTA CUCA;25a a 39 años;Femenino;4
2017;QUICHE;PACHALÚN;25a a 39 años;Femenino;1
2017;SANTA ROSA;BARBERENA;25a a 39 años;Femenino;2
2017;SANTA ROSA;CUILAPA;25a a 39 años;Femenino;2
2017;SANTA ROSA;NUEVA SANTA ROSA;25a a 39 años;Femenino;1
2017;SANTA ROSA;PUEBLO NUEVO VIÑAS;25a a 39 años;Femenino;1
2017;ZACAPA;TECULUTÁN;25a a 39 años;Femenino;1
2017;ZACAPA;ZACAPA;25a a 39 años;Femenino;1
2018;CHIQUIMULA;SAN JUAN LA ERMITA;25a a 39 años;Femenino;1
2018;ESCUINTLA;GUANAGAZAPA;25a a 39 años;Femenino;1
2018;ESCUINTLA;TIQUISATE;25a a 39 años;Femenino;1
2018;GUATEMALA;AMATITLÁN;25a a 39 años;Femenino;2
2018;GUATEMALA;GUATEMALA;25a a 39 años;Femenino;16
2018;GUATEMALA;MIXCO;25a a 39 años;Femenino;2
2018;HUEHUETENANGO;SANTA ANA HUISTA;25a a 39 años;Femenino;1
2018;IZABAL;LIVINGSTON;25a a 39 años;Femenino;1
2018;QUETZALTENANGO;COATEPEQUE;25a a 39 años;Femenino;6
2018;SAN MARCOS;SAN PABLO;25a a 39 años;Femenino;1
2018;SANTA ROSA;SANTA ROSA DE LIMA;25a a 39 años;Femenino;1
2018;SUCHITEPEQUEZ;SAMAYAC;25a a 39 años;Femenino;1
2018;SUCHITEPEQUEZ;SANTO TOMÁS LA UNIÓN;25a a 39 años;Femenino;2
2018;ZACAPA;LA UNIÓN;25a a 39 años;Femenino;3
2018;ZACAPA;TECULUTÁN;25a a 39 años;Femenino;1
2019;ALTA VERAPAZ;FRAY BARTOLOMÉ DE LAS CASAS;25a a 39 años;Femenino;1
2019;ALTA VERAPAZ;RAXRUHA;25a a 39 años;Femenino;1
2019;ALTA VERAPAZ;TUCURÚ;25a a 39 años;Femenino;3
2019;CHIQUIMULA;CHIQUIMULA;25a a 39 años;Femenino;3
2019;CHIQUIMULA;ESQUIPULAS;25a a 39 años;Femenino;2
2019;ESCUINTLA;NUEVA CONCEPCIÓN;25a a 39 años;Femenino;1
2019;ESCUINTLA;PUERTO DE SAN JOSÉ;25a a 39 años;Femenino;1
2019;GUATEMALA;GUATEMALA;25a a 39 años;Femenino;20
2019;GUATEMALA;MIXCO;25a a 39 años;Femenino;1
2019;QUETZALTENANGO;COATEPEQUE;25a a 39 años;Femenino;4
2019;QUETZALTENANGO;FLORES COSTA CUCA;25a a 39 años;Femenino;1
2019;QUICHE;SACAPULAS;25a a 39 años;Femenino;2
2019;SAN MARCOS;AYUTLA;25a a 39 años;Femenino;1
2019;SANTA ROSA;NUEVA SANTA ROSA;25a a 39 años;Femenino;1
2019;SANTA ROSA;SAN RAFAEL LAS FLORES;25a a 39 años;Femenino;4
2019;SANTA ROSA;SANTA CRUZ NARANJO;25a a 39 años;Femenino;1
2019;SANTA ROSA;SANTA ROSA DE LIMA;25a a 39 años;Femenino;1
2019;SUCHITEPEQUEZ;SANTO TOMÁS LA UNIÓN;25a a 39 años;Femenino;1
2019;ZACAPA;LA UNIÓN;25a a 39 años;Femenino;1
2019;ZACAPA;TECULUTÁN;25a a 39 años;Femenino;1
2020;SAN MARCOS;MALACATÁN;25a a 39 años;Femenino;1
2020;SANTA ROSA;SAN RAFAEL LAS FLORES;25a a 39 años;Femenino;1
2020;ZACAPA;TECULUTÁN;25a a 39 años;Femenino;1
2021;BAJA VERAPAZ;SALAMÁ;25a a 39 años;Femenino;4
2021;GUATEMALA;AMATITLÁN;25a a 39 años;Femenino;1
2021;SANTA ROSA;SAN RAFAEL LAS FLORES;25a a 39 años;Femenino;1
2023;CHIQUIMULA;QUETZALTEPEQUE;25a a 39 años;Femenino;2
2023;EL PETEN;SAN BENITO;25a a 39 años;Femenino;14
2023;GUATEMALA;PALENCIA;25a a 39 años;Femenino;1
2023;GUATEMALA;VILLA NUEVA;25a a 39 años;Femenino;2
2024;EL PETEN;SAN BENITO;25a a 39 años;Femenino;11
2024;QUETZALTENANGO;COATEPEQUE;25a a 39 años;Femenino;1
2024;SAN MARCOS;SAN MARCOS;25a a 39 años;Femenino;1
2015;CHIQUIMULA;CHIQUIMULA;25a a 39 años;Masculino;1
2015;IZABAL;LIVINGSTON;25a a 39 años;Masculino;1
2015;ZACAPA;GUALÁN;25a a 39 años;Masculino;7
2015;ZACAPA;HUITÉ;25a a 39 años;Masculino;1
2015;ZACAPA;TECULUTÁN;25a a 39 años;Masculino;2
2015;ZACAPA;ZACAPA;25a a 39 años;Masculino;9
2016;ALTA VERAPAZ;CHAHAL;25a a 39 años;Masculino;1
2016;ALTA VERAPAZ;COBÁN;25a a 39 años;Masculino;2
2016;ALTA VERAPAZ;LA TINTA;25a a 39 años;Masculino;1
2016;ALTA VERAPAZ;SAN PEDRO CARCHÁ;25a a 39 años;Masculino;1
2016;ALTA VERAPAZ;SANTA CRUZ VERAPAZ;25a a 39 años;Masculino;2
2016;BAJA VERAPAZ;CUBULCO;25a a 39 años;Masculino;2
2016;BAJA VERAPAZ;RABINAL;25a a 39 años;Masculino;1
2016;CHIQUIMULA;CHIQUIMULA;25a a 39 años;Masculino;2
2016;CHIQUIMULA;ESQUIPULAS;25a a 39 años;Masculino;5
2016;CHIQUIMULA;IPALA;25a a 39 años;Masculino;2
2016;CHIQUIMULA;JOCOTÁN;25a a 39 años;Masculino;4
2016;CHIQUIMULA;QUETZALTEPEQUE;25a a 39 años;Masculino;4
2016;CHIQUIMULA;SAN JUAN LA ERMITA;25a a 39 años;Masculino;9
2016;EL PETEN;DOLORES;25a a 39 años;Masculino;2
2016;EL PETEN;EL CHAL;25a a 39 años;Masculino;1
2016;EL PETEN;FLORES;25a a 39 años;Masculino;1
2016;EL PETEN;LA LIBERTAD;25a a 39 años;Masculino;1
2016;EL PETEN;LAS CRUCES;25a a 39 años;Masculino;1
2016;EL PETEN;POPTÚN;25a a 39 años;Masculino;4
2016;EL PETEN;SAN ANDRÉS;25a a 39 años;Masculino;3
2016;EL PETEN;SAN BENITO;25a a 39 años;Masculino;1
2016;EL PETEN;SAN JOSÉ;25a a 39 años;Masculino;1
2016;EL PROGRESO;SAN ANTONIO LA PAZ;25a a 39 años;Masculino;4
2016;ESCUINTLA;GUANAGAZAPA;25a a 39 años;Masculino;2
2016;ESCUINTLA;NUEVA CONCEPCIÓN;25a a 39 años;Masculino;1
2016;ESCUINTLA;PALÍN;25a a 39 años;Masculino;1
2016;ESCUINTLA;PUERTO DE SAN JOSÉ;25a a 39 años;Masculino;1
2016;ESCUINTLA;SAN VICENTE PACAYA;25a a 39 años;Masculino;1
2016;GUATEMALA;AMATITLÁN;25a a 39 años;Masculino;6
2016;GUATEMALA;GUATEMALA;25a a 39 años;Masculino;28
2016;GUATEMALA;MIXCO;25a a 39 años;Masculino;12
2016;GUATEMALA;SAN JOSÉ DEL GOLFO;25a a 39 años;Masculino;3
2016;GUATEMALA;SAN JUAN SACATEPÉQUEZ;25a a 39 años;Masculino;1
2016;GUATEMALA;SANTA CATARINA PINULA;25a a 39 años;Masculino;1
2016;GUATEMALA;VILLA CANALES;25a a 39 años;Masculino;1
2016;GUATEMALA;VILLA NUEVA;25a a 39 años;Masculino;4
2016;HUEHUETENANGO;SAN ANTONIO HUISTA;25a a 39 años;Masculino;1
2016;HUEHUETENANGO;SANTA ANA HUISTA;25a a 39 años;Masculino;1
2016;IZABAL;LIVINGSTON;25a a 39 años;Masculino;2
2016;JALAPA;JALAPA;25a a 39 años;Masculino;3
2016;JALAPA;MONJAS;25a a 39 años;Masculino;1
2016;JALAPA;SAN LUIS JILOTEPEQUE;25a a 39 años;Masculino;4
2016;JALAPA;SAN MANUEL CHAPARRÓN;25a a 39 años;Masculino;1
2016;JUTIAPA;COMAPA;25a a 39 años;Masculino;1
2016;QUETZALTENANGO;COATEPEQUE;25a a 39 años;Masculino;15
2016;QUETZALTENANGO;COLOMBA;25a a 39 años;Masculino;3
2016;QUETZALTENANGO;FLORES COSTA CUCA;25a a 39 años;Masculino;1
2016;QUETZALTENANGO;GÉNOVA;25a a 39 años;Masculino;7
2016;QUICHE;IXCÁN;25a a 39 años;Masculino;1
2016;QUICHE;JOYABAJ;25a a 39 años;Masculino;1
2016;QUICHE;PACHALÚN;25a a 39 años;Masculino;10
2016;QUICHE;SACAPULAS;25a a 39 años;Masculino;1
2016;QUICHE;SANTA CRUZ DEL QUICHÉ;25a a 39 años;Masculino;1
2016;RETALHULEU;RETALHULEU;25a a 39 años;Masculino;1
2016;RETALHULEU;SAN MARTÍN ZAPOTITLÁN;25a a 39 años;Masculino;1
2016;SACATEPEQUEZ;ALOTENANGO;25a a 39 años;Masculino;1
2016;SACATEPEQUEZ;ANTIGUA GUATEMALA;25a a 39 años;Masculino;2
2016;SAN MARCOS;MALACATÁN;25a a 39 años;Masculino;4
2016;SANTA ROSA;BARBERENA;25a a 39 años;Masculino;17
2016;SANTA ROSA;CASILLAS;25a a 39 años;Masculino;1
2016;SANTA ROSA;CUILAPA;25a a 39 años;Masculino;1
2016;SANTA ROSA;NUEVA SANTA ROSA;25a a 39 años;Masculino;3
2016;SANTA ROSA;PUEBLO NUEVO VIÑAS;25a a 39 años;Masculino;3
2016;SANTA ROSA;SAN RAFAEL LAS FLORES;25a a 39 años;Masculino;2
2016;SUCHITEPEQUEZ;CUYOTENANGO;25a a 39 años;Masculino;1
2016;SUCHITEPEQUEZ;MAZATENANGO;25a a 39 años;Masculino;2
2016;SUCHITEPEQUEZ;SANTO DOMINGO SUCHITEPÉQUEZ;25a a 39 años;Masculino;2
2016;ZACAPA;GUALÁN;25a a 39 años;Masculino;6
2016;ZACAPA;LA UNIÓN;25a a 39 años;Masculino;12
2016;ZACAPA;ZACAPA;25a a 39 años;Masculino;3
2017;BAJA VERAPAZ;CUBULCO;25a a 39 años;Masculino;1
2017;CHIQUIMULA;CAMOTÁN;25a a 39 años;Masculino;1
2017;CHIQUIMULA;JOCOTÁN;25a a 39 años;Masculino;3
2017;GUATEMALA;GUATEMALA;25a a 39 años;Masculino;6
2017;GUATEMALA;MIXCO;25a a 39 años;Masculino;2
2017;GUATEMALA;SAN MIGUEL PETAPA;25a a 39 años;Masculino;1
2017;JUTIAPA;ATESCATEMPA;25a a 39 años;Masculino;1
2017;JUTIAPA;SANTA CATARINA MITA;25a a 39 años;Masculino;1
2017;QUETZALTENANGO;COATEPEQUE;25a a 39 años;Masculino;1
2017;QUICHE;PACHALÚN;25a a 39 años;Masculino;1
2017;SANTA ROSA;BARBERENA;25a a 39 años;Masculino;5
2018;CHIMALTENANGO;YEPOCAPA;25a a 39 años;Masculino;1
2018;EL PETEN;EL CHAL;25a a 39 años;Masculino;1
2018;GUATEMALA;GUATEMALA;25a a 39 años;Masculino;2
2018;GUATEMALA;SAN JUAN SACATEPÉQUEZ;25a a 39 años;Masculino;1
2018;HUEHUETENANGO;HUEHUETENANGO;25a a 39 años;Masculino;1
2018;QUETZALTENANGO;COATEPEQUE;25a a 39 años;Masculino;2
2018;SANTA ROSA;BARBERENA;25a a 39 años;Masculino;1
2018;SANTA ROSA;SANTA ROSA DE LIMA;25a a 39 años;Masculino;1
2018;ZACAPA;LA UNIÓN;25a a 39 años;Masculino;1
2019;BAJA VERAPAZ;GRANADOS;25a a 39 años;Masculino;1
2019;BAJA VERAPAZ;SAN MIGUEL CHICAJ;25a a 39 años;Masculino;1
2019;EL PETEN;POPTÚN;25a a 39 años;Masculino;1
2019;EL PETEN;SAN LUIS;25a a 39 años;Masculino;1
2019;ESCUINTLA;NUEVA CONCEPCIÓN;25a a 39 años;Masculino;2
2019;GUATEMALA;AMATITLÁN;25a a 39 años;Masculino;1
2019;GUATEMALA;GUATEMALA;25a a 39 años;Masculino;6
2019;HUEHUETENANGO;HUEHUETENANGO;25a a 39 años;Masculino;1
2019;QUETZALTENANGO;COATEPEQUE;25a a 39 años;Masculino;1
2019;ZACAPA;LA UNIÓN;25a a 39 años;Masculino;1
2023;EL PETEN;SAN BENITO;25a a 39 años;Masculino;1
2024;EL PETEN;SAN BENITO;25a a 39 años;Masculino;2
2024;GUATEMALA;PALENCIA;25a a 39 años;Masculino;1
2015;ESCUINTLA;ESCUINTLA;40a a 49 años;Femenino;1
2015;ESCUINTLA;SIQUINALÁ;40a a 49 años;Femenino;1
2015;IZABAL;LIVINGSTON;40a a 49 años;Femenino;2
2015;QUETZALTENANGO;COATEPEQUE;40a a 49 años;Femenino;1
2015;ZACAPA;ESTANZUELA;40a a 49 años;Femenino;1
2015;ZACAPA;GUALÁN;40a a 49 años;Femenino;5
2015;ZACAPA;HUITÉ;40a a 49 años;Femenino;2
2015;ZACAPA;SAN DIEGO;40a a 49 años;Femenino;1
2015;ZACAPA;TECULUTÁN;40a a 49 años;Femenino;5
2015;ZACAPA;USUMATLÁN;40a a 49 años;Femenino;3
2015;ZACAPA;ZACAPA;40a a 49 años;Femenino;2
2016;ALTA VERAPAZ;CHAHAL;40a a 49 años;Femenino;2
2016;ALTA VERAPAZ;COBÁN;40a a 49 años;Femenino;4
2016;ALTA VERAPAZ;FRAY BARTOLOMÉ DE LAS CASAS;40a a 49 años;Femenino;1
2016;ALTA VERAPAZ;SAN PEDRO CARCHÁ;40a a 49 años;Femenino;1
2016;ALTA VERAPAZ;SANTA CRUZ VERAPAZ;40a a 49 años;Femenino;1
2016;CHIMALTENANGO;YEPOCAPA;40a a 49 años;Femenino;1
2016;CHIQUIMULA;CAMOTÁN;40a a 49 años;Femenino;1
2016;CHIQUIMULA;CHIQUIMULA;40a a 49 años;Femenino;1
2016;CHIQUIMULA;CONCEPCIÓN LAS MINAS;40a a 49 años;Femenino;2
2016;CHIQUIMULA;ESQUIPULAS;40a a 49 años;Femenino;5
2016;CHIQUIMULA;IPALA;40a a 49 años;Femenino;3
2016;CHIQUIMULA;JOCOTÁN;40a a 49 años;Femenino;2
2016;CHIQUIMULA;QUETZALTEPEQUE;40a a 49 años;Femenino;2
2016;CHIQUIMULA;SAN JUAN LA ERMITA;40a a 49 años;Femenino;5
2016;EL PETEN;DOLORES;40a a 49 años;Femenino;1
2016;EL PETEN;EL CHAL;40a a 49 años;Femenino;1
2016;EL PETEN;FLORES;40a a 49 años;Femenino;1
2016;EL PETEN;POPTÚN;40a a 49 años;Femenino;10
2016;EL PETEN;SANTA ANA;40a a 49 años;Femenino;2
2016;EL PROGRESO;SAN ANTONIO LA PAZ;40a a 49 años;Femenino;5
2016;EL PROGRESO;SANSARE;40a a 49 años;Femenino;1
2016;ESCUINTLA;LA DEMOCRACIA;40a a 49 años;Femenino;2
2016;ESCUINTLA;MASAGUA;40a a 49 años;Femenino;1
2016;ESCUINTLA;NUEVA CONCEPCIÓN;40a a 49 años;Femenino;1
2016;ESCUINTLA;PALÍN;40a a 49 años;Femenino;1
2016;GUATEMALA;AMATITLÁN;40a a 49 años;Femenino;3
2016;GUATEMALA;GUATEMALA;40a a 49 años;Femenino;38
2016;GUATEMALA;MIXCO;40a a 49 años;Femenino;11
2016;GUATEMALA;SAN JOSÉ DEL GOLFO;40a a 49 años;Femenino;1
2016;GUATEMALA;SAN JUAN SACATEPÉQUEZ;40a a 49 años;Femenino;1
2016;GUATEMALA;SAN PEDRO AYAMPUC;40a a 49 años;Femenino;1
2016;GUATEMALA;VILLA CANALES;40a a 49 años;Femenino;3
2016;HUEHUETENANGO;SANTA ANA HUISTA;40a a 49 años;Femenino;1
2016;IZABAL;LIVINGSTON;40a a 49 años;Femenino;1
2016;IZABAL;PUERTO BARRIOS;40a a 49 años;Femenino;2
2016;JALAPA;JALAPA;40a a 49 años;Femenino;4
2016;JALAPA;SAN LUIS JILOTEPEQUE;40a a 49 años;Femenino;2
2016;JALAPA;SAN PEDRO PINULA;40a a 49 años;Femenino;1
2016;JUTIAPA;ATESCATEMPA;40a a 49 años;Femenino;2
2016;JUTIAPA;SANTA CATARINA MITA;40a a 49 años;Femenino;4
2016;QUETZALTENANGO;COATEPEQUE;40a a 49 años;Femenino;6
2016;QUETZALTENANGO;COLOMBA;40a a 49 años;Femenino;4
2016;QUETZALTENANGO;EL PALMAR;40a a 49 años;Femenino;1
2016;QUETZALTENANGO;FLORES COSTA CUCA;40a a 49 años;Femenino;3
2016;QUETZALTENANGO;GÉNOVA;40a a 49 años;Femenino;3
2016;QUICHE;IXCÁN;40a a 49 años;Femenino;1
2016;QUICHE;JOYABAJ;40a a 49 años;Femenino;1
2016;QUICHE;PACHALÚN;40a a 49 años;Femenino;7
2016;QUICHE;SACAPULAS;40a a 49 años;Femenino;1
2016;RETALHULEU;SAN FELIPE;40a a 49 años;Femenino;1
2016;SACATEPEQUEZ;ANTIGUA GUATEMALA;40a a 49 años;Femenino;1
2016;SAN MARCOS;MALACATÁN;40a a 49 años;Femenino;3
2016;SANTA ROSA;BARBERENA;40a a 49 años;Femenino;18
2016;SANTA ROSA;CUILAPA;40a a 49 años;Femenino;2
2016;SANTA ROSA;NUEVA SANTA ROSA;40a a 49 años;Femenino;12
2016;SANTA ROSA;ORATORIO;40a a 49 años;Femenino;2
2016;SANTA ROSA;PUEBLO NUEVO VIÑAS;40a a 49 años;Femenino;8
2016;SOLOLA;SANTA CATARINA IXTAHUACÁN;40a a 49 años;Femenino;1
2016;SUCHITEPEQUEZ;SANTO DOMINGO SUCHITEPÉQUEZ;40a a 49 años;Femenino;1
2016;SUCHITEPEQUEZ;SANTO TOMÁS LA UNIÓN;40a a 49 años;Femenino;1
2016;ZACAPA;GUALÁN;40a a 49 años;Femenino;7
2016;ZACAPA;LA UNIÓN;40a a 49 años;Femenino;10
2016;ZACAPA;RÍO HONDO;40a a 49 años;Femenino;1
2016;ZACAPA;ZACAPA;40a a 49 años;Femenino;1
2017;CHIQUIMULA;CAMOTÁN;40a a 49 años;Femenino;1
2017;CHIQUIMULA;CHIQUIMULA;40a a 49 años;Femenino;1
2017;CHIQUIMULA;JOCOTÁN;40a a 49 años;Femenino;1
2017;EL PETEN;POPTÚN;40a a 49 años;Femenino;1
2017;ESCUINTLA;GUANAGAZAPA;40a a 49 años;Femenino;1
2017;ESCUINTLA;MASAGUA;40a a 49 años;Femenino;1
2017;ESCUINTLA;NUEVA CONCEPCIÓN;40a a 49 años;Femenino;1
2017;ESCUINTLA;PUERTO DE SAN JOSÉ;40a a 49 años;Femenino;1
2017;GUATEMALA;GUATEMALA;40a a 49 años;Femenino;2
2017;GUATEMALA;MIXCO;40a a 49 años;Femenino;3
2017;HUEHUETENANGO;HUEHUETENANGO;40a a 49 años;Femenino;1
2017;QUICHE;NEBAJ;40a a 49 años;Femenino;1
2017;RETALHULEU;CHAMPERICO;40a a 49 años;Femenino;1
2017;RETALHULEU;SAN FELIPE;40a a 49 años;Femenino;1
2017;SANTA ROSA;BARBERENA;40a a 49 años;Femenino;3
2018;ESCUINTLA;PUERTO DE SAN JOSÉ;40a a 49 años;Femenino;1
2018;GUATEMALA;GUATEMALA;40a a 49 años;Femenino;4
2018;HUEHUETENANGO;JACALTENANGO;40a a 49 años;Femenino;1
2018;JUTIAPA;COMAPA;40a a 49 años;Femenino;1
2018;QUETZALTENANGO;COATEPEQUE;40a a 49 años;Femenino;2
2018;QUETZALTENANGO;FLORES COSTA CUCA;40a a 49 años;Femenino;1
2018;SANTA ROSA;SAN RAFAEL LAS FLORES;40a a 49 años;Femenino;2
2018;ZACAPA;LA UNIÓN;40a a 49 años;Femenino;1
2019;BAJA VERAPAZ;GRANADOS;40a a 49 años;Femenino;1
2019;CHIMALTENANGO;YEPOCAPA;40a a 49 años;Femenino;1
2019;GUATEMALA;GUATEMALA;40a a 49 años;Femenino;5
2021;BAJA VERAPAZ;SALAMÁ;40a a 49 años;Femenino;1
2022;CHIQUIMULA;SAN JACINTO;40a a 49 años;Femenino;1
2023;CHIQUIMULA;QUETZALTEPEQUE;40a a 49 años;Femenino;1
2024;EL PETEN;SAN BENITO;40a a 49 años;Femenino;2
2024;SACATEPEQUEZ;SAN ANTONIO AGUAS CALIENTES;40a a 49 años;Femenino;1
2024;TOTONICAPAN;TOTONICAPÁN;40a a 49 años;Femenino;1
2015;IZABAL;LIVINGSTON;40a a 49 años;Masculino;1
2015;ZACAPA;GUALÁN;40a a 49 años;Masculino;2
2015;ZACAPA;ZACAPA;40a a 49 años;Masculino;3
2016;ALTA VERAPAZ;CHAHAL;40a a 49 años;Masculino;1
2016;ALTA VERAPAZ;COBÁN;40a a 49 años;Masculino;1
2016;ALTA VERAPAZ;SAN PEDRO CARCHÁ;40a a 49 años;Masculino;1
2016;ALTA VERAPAZ;SANTA CRUZ VERAPAZ;40a a 49 años;Masculino;2
2016;BAJA VERAPAZ;CUBULCO;40a a 49 años;Masculino;1
2016;BAJA VERAPAZ;SAN MIGUEL CHICAJ;40a a 49 años;Masculino;1
2016;CHIQUIMULA;CHIQUIMULA;40a a 49 años;Masculino;1
2016;CHIQUIMULA;ESQUIPULAS;40a a 49 años;Masculino;4
2016;CHIQUIMULA;IPALA;40a a 49 años;Masculino;1
2016;CHIQUIMULA;SAN JUAN LA ERMITA;40a a 49 años;Masculino;2
2016;EL PETEN;DOLORES;40a a 49 años;Masculino;1
2016;EL PETEN;EL CHAL;40a a 49 años;Masculino;1
2016;EL PETEN;POPTÚN;40a a 49 años;Masculino;3
2016;EL PETEN;SAN ANDRÉS;40a a 49 años;Masculino;1
2016;EL PETEN;SAN LUIS;40a a 49 años;Masculino;1
2016;ESCUINTLA;LA DEMOCRACIA;40a a 49 años;Masculino;2
2016;ESCUINTLA;MASAGUA;40a a 49 años;Masculino;3
2016;ESCUINTLA;NUEVA CONCEPCIÓN;40a a 49 años;Masculino;1
2016;ESCUINTLA;SANTA LUCÍA COTZUMALGUAPA;40a a 49 años;Masculino;1
2016;GUATEMALA;AMATITLÁN;40a a 49 años;Masculino;1
2016;GUATEMALA;GUATEMALA;40a a 49 años;Masculino;13
2016;GUATEMALA;MIXCO;40a a 49 años;Masculino;2
2016;GUATEMALA;VILLA NUEVA;40a a 49 años;Masculino;1
2016;IZABAL;LIVINGSTON;40a a 49 años;Masculino;3
2016;IZABAL;LOS AMATES;40a a 49 años;Masculino;1
2016;IZABAL;MORALES;40a a 49 años;Masculino;1
2016;JALAPA;JALAPA;40a a 49 años;Masculino;1
2016;JALAPA;SAN LUIS JILOTEPEQUE;40a a 49 años;Masculino;3
2016;JUTIAPA;SANTA CATARINA MITA;40a a 49 años;Masculino;1
2016;QUETZALTENANGO;COATEPEQUE;40a a 49 años;Masculino;4
2016;QUETZALTENANGO;GÉNOVA;40a a 49 años;Masculino;2
2016;QUICHE;NEBAJ;40a a 49 años;Masculino;2
2016;QUICHE;PACHALÚN;40a a 49 años;Masculino;1
2016;RETALHULEU;RETALHULEU;40a a 49 años;Masculino;1
2016;RETALHULEU;SANTA CRUZ MULÚA;40a a 49 años;Masculino;1
2016;SAN MARCOS;MALACATÁN;40a a 49 años;Masculino;2
2016;SAN MARCOS;SAN PABLO;40a a 49 años;Masculino;1
2016;SANTA ROSA;BARBERENA;40a a 49 años;Masculino;6
2016;SANTA ROSA;CASILLAS;40a a 49 años;Masculino;1
2016;SANTA ROSA;CUILAPA;40a a 49 años;Masculino;1
2016;SANTA ROSA;NUEVA SANTA ROSA;40a a 49 años;Masculino;1
2016;SANTA ROSA;ORATORIO;40a a 49 años;Masculino;2
2016;SOLOLA;SANTA CATARINA IXTAHUACÁN;40a a 49 años;Masculino;2
2016;SUCHITEPEQUEZ;SAMAYAC;40a a 49 años;Masculino;1
2016;SUCHITEPEQUEZ;SANTO DOMINGO SUCHITEPÉQUEZ;40a a 49 años;Masculino;1
2016;ZACAPA;GUALÁN;40a a 49 años;Masculino;2
2016;ZACAPA;LA UNIÓN;40a a 49 años;Masculino;2
2016;ZACAPA;TECULUTÁN;40a a 49 años;Masculino;1
2016;ZACAPA;ZACAPA;40a a 49 años;Masculino;1
2017;CHIQUIMULA;CHIQUIMULA;40a a 49 años;Masculino;1
2017;CHIQUIMULA;JOCOTÁN;40a a 49 años;Masculino;1
2017;EL PETEN;FLORES;40a a 49 años;Masculino;1
2017;GUATEMALA;GUATEMALA;40a a 49 años;Masculino;4
2017;QUETZALTENANGO;FLORES COSTA CUCA;40a a 49 años;Masculino;1
2017;QUICHE;PACHALÚN;40a a 49 años;Masculino;1
2017;SANTA ROSA;NUEVA SANTA ROSA;40a a 49 años;Masculino;1
2018;GUATEMALA;GUATEMALA;40a a 49 años;Masculino;3
2018;QUETZALTENANGO;COATEPEQUE;40a a 49 años;Masculino;1
2018;QUETZALTENANGO;FLORES COSTA CUCA;40a a 49 años;Masculino;1
2019;BAJA VERAPAZ;CUBULCO;40a a 49 años;Masculino;1
2019;EL PETEN;SAN LUIS;40a a 49 años;Masculino;1
2019;GUATEMALA;GUATEMALA;40a a 49 años;Masculino;3
2021;BAJA VERAPAZ;SALAMÁ;40a a 49 años;Masculino;1
2023;EL PETEN;SAN BENITO;40a a 49 años;Masculino;1
2024;EL PETEN;FLORES;40a a 49 años;Masculino;1
2024;EL PETEN;SAN BENITO;40a a 49 años;Masculino;1
2015;ESCUINTLA;PALÍN;50a a 59 años;Femenino;1
2015;IZABAL;LIVINGSTON;50a a 59 años;Femenino;1
2015;QUETZALTENANGO;COATEPEQUE;50a a 59 años;Femenino;3
2015;ZACAPA;CABAÑAS;50a a 59 años;Femenino;1
2015;ZACAPA;HUITÉ;50a a 59 años;Femenino;1
2015;ZACAPA;RÍO HONDO;50a a 59 años;Femenino;3
2015;ZACAPA;TECULUTÁN;50a a 59 años;Femenino;1
2015;ZACAPA;ZACAPA;50a a 59 años;Femenino;4
2016;ALTA VERAPAZ;CHAHAL;50a a 59 años;Femenino;1
2016;ALTA VERAPAZ;SAN PEDRO CARCHÁ;50a a 59 años;Femenino;2
2016;BAJA VERAPAZ;RABINAL;50a a 59 años;Femenino;2
2016;CHIQUIMULA;ESQUIPULAS;50a a 59 años;Femenino;6
2016;CHIQUIMULA;QUETZALTEPEQUE;50a a 59 años;Femenino;1
2016;CHIQUIMULA;SAN JUAN LA ERMITA;50a a 59 años;Femenino;2
2016;EL PETEN;POPTÚN;50a a 59 años;Femenino;3
2016;EL PETEN;SANTA ANA;50a a 59 años;Femenino;1
2016;EL PETEN;SAYAXCHÉ;50a a 59 años;Femenino;1
2016;EL PROGRESO;SAN AGUSTÍN ACASAGUASTLÁN;50a a 59 años;Femenino;1
2016;ESCUINTLA;GUANAGAZAPA;50a a 59 años;Femenino;1
2016;ESCUINTLA;LA DEMOCRACIA;50a a 59 años;Femenino;1
2016;ESCUINTLA;PALÍN;50a a 59 años;Femenino;2
2016;GUATEMALA;AMATITLÁN;50a a 59 años;Femenino;1
2016;GUATEMALA;GUATEMALA;50a a 59 años;Femenino;17
2016;GUATEMALA;MIXCO;50a a 59 años;Femenino;7
2016;GUATEMALA;SAN JOSÉ DEL GOLFO;50a a 59 años;Femenino;4
2016;GUATEMALA;SAN JUAN SACATEPÉQUEZ;50a a 59 años;Femenino;1
2016;GUATEMALA;SAN MIGUEL PETAPA;50a a 59 años;Femenino;1
2016;GUATEMALA;VILLA CANALES;50a a 59 años;Femenino;2
2016;GUATEMALA;VILLA NUEVA;50a a 59 años;Femenino;2
2016;HUEHUETENANGO;CUILCO;50a a 59 años;Femenino;1
2016;IZABAL;LIVINGSTON;50a a 59 años;Femenino;2
2016;IZABAL;LOS AMATES;50a a 59 años;Femenino;1
2016;IZABAL;PUERTO BARRIOS;50a a 59 años;Femenino;1
2016;JALAPA;JALAPA;50a a 59 años;Femenino;1
2016;JALAPA;SAN LUIS JILOTEPEQUE;50a a 59 años;Femenino;2
2016;JUTIAPA;ATESCATEMPA;50a a 59 años;Femenino;4
2016;JUTIAPA;SANTA CATARINA MITA;50a a 59 años;Femenino;2
2016;QUETZALTENANGO;COATEPEQUE;50a a 59 años;Femenino;7
2016;QUETZALTENANGO;COLOMBA;50a a 59 años;Femenino;3
2016;QUETZALTENANGO;EL PALMAR;50a a 59 años;Femenino;1
2016;QUETZALTENANGO;FLORES COSTA CUCA;50a a 59 años;Femenino;1
2016;QUETZALTENANGO;GÉNOVA;50a a 59 años;Femenino;1
2016;QUICHE;PACHALÚN;50a a 59 años;Femenino;6
2016;RETALHULEU;EL ASINTAL;50a a 59 años;Femenino;2
2016;RETALHULEU;SAN FELIPE;50a a 59 años;Femenino;1
2016;SAN MARCOS;MALACATÁN;50a a 59 años;Femenino;1
2016;SANTA ROSA;BARBERENA;50a a 59 años;Femenino;10
2016;SANTA ROSA;CASILLAS;50a a 59 años;Femenino;1
2016;SANTA ROSA;CUILAPA;50a a 59 años;Femenino;2
2016;SANTA ROSA;NUEVA SANTA ROSA;50a a 59 años;Femenino;5
2016;SANTA ROSA;ORATORIO;50a a 59 años;Femenino;1
2016;SANTA ROSA;PUEBLO NUEVO VIÑAS;50a a 59 años;Femenino;3
2016;SUCHITEPEQUEZ;MAZATENANGO;50a a 59 años;Femenino;1
2016;SUCHITEPEQUEZ;SANTO DOMINGO SUCHITEPÉQUEZ;50a a 59 años;Femenino;2
2016;ZACAPA;GUALÁN;50a a 59 años;Femenino;4
2016;ZACAPA;LA UNIÓN;50a a 59 años;Femenino;5
2016;ZACAPA;ZACAPA;50a a 59 años;Femenino;2
2017;GUATEMALA;GUATEMALA;50a a 59 años;Femenino;1
2017;JUTIAPA;JUTIAPA;50a a 59 años;Femenino;1
2017;QUETZALTENANGO;COATEPEQUE;50a a 59 años;Femenino;1
2017;QUICHE;PACHALÚN;50a a 59 años;Femenino;1
2017;SANTA ROSA;CUILAPA;50a a 59 años;Femenino;1
2018;GUATEMALA;GUATEMALA;50a a 59 años;Femenino;1
2018;SUCHITEPEQUEZ;SAMAYAC;50a a 59 años;Femenino;1
2018;ZACAPA;TECULUTÁN;50a a 59 años;Femenino;1
2019;ESCUINTLA;PUERTO DE SAN JOSÉ;50a a 59 años;Femenino;1
2019;GUATEMALA;GUATEMALA;50a a 59 años;Femenino;1
2019;SANTA ROSA;SAN RAFAEL LAS FLORES;50a a 59 años;Femenino;1
2024;EL PETEN;SAN BENITO;50a a 59 años;Femenino;1
2015;QUETZALTENANGO;COATEPEQUE;50a a 59 años;Masculino;1
2015;ZACAPA;GUALÁN;50a a 59 años;Masculino;1
2015;ZACAPA;ZACAPA;50a a 59 años;Masculino;2
2016;ALTA VERAPAZ;CHAHAL;50a a 59 años;Masculino;1
2016;ALTA VERAPAZ;COBÁN;50a a 59 años;Masculino;1
2016;CHIQUIMULA;CHIQUIMULA;50a a 59 años;Masculino;1
2016;CHIQUIMULA;ESQUIPULAS;50a a 59 años;Masculino;2
2016;CHIQUIMULA;IPALA;50a a 59 años;Masculino;1
2016;CHIQUIMULA;JOCOTÁN;50a a 59 años;Masculino;1
2016;CHIQUIMULA;QUETZALTEPEQUE;50a a 59 años;Masculino;1
2016;CHIQUIMULA;SAN JUAN LA ERMITA;50a a 59 años;Masculino;1
2016;EL PETEN;POPTÚN;50a a 59 años;Masculino;1
2016;EL PETEN;SAN JOSÉ;50a a 59 años;Masculino;2
2016;GUATEMALA;AMATITLÁN;50a a 59 años;Masculino;1
2016;GUATEMALA;CHUARRANCHO;50a a 59 años;Masculino;1
2016;GUATEMALA;GUATEMALA;50a a 59 años;Masculino;4
2016;GUATEMALA;MIXCO;50a a 59 años;Masculino;1
2016;GUATEMALA;SAN JOSÉ DEL GOLFO;50a a 59 años;Masculino;1
2016;IZABAL;LIVINGSTON;50a a 59 años;Masculino;1
2016;QUETZALTENANGO;COATEPEQUE;50a a 59 años;Masculino;1
2016;QUETZALTENANGO;COLOMBA;50a a 59 años;Masculino;2
2016;QUETZALTENANGO;GÉNOVA;50a a 59 años;Masculino;4
2016;RETALHULEU;EL ASINTAL;50a a 59 años;Masculino;1
2016;SACATEPEQUEZ;ANTIGUA GUATEMALA;50a a 59 años;Masculino;1
2016;SAN MARCOS;MALACATÁN;50a a 59 años;Masculino;4
2016;SAN MARCOS;SAN PABLO;50a a 59 años;Masculino;1
2016;SANTA ROSA;BARBERENA;50a a 59 años;Masculino;2
2016;SANTA ROSA;NUEVA SANTA ROSA;50a a 59 años;Masculino;3
2016;SANTA ROSA;TAXISCO;50a a 59 años;Masculino;1
2016;SUCHITEPEQUEZ;MAZATENANGO;50a a 59 años;Masculino;1
2016;SUCHITEPEQUEZ;SANTO TOMÁS LA UNIÓN;50a a 59 años;Masculino;1
2016;ZACAPA;GUALÁN;50a a 59 años;Masculino;1
2016;ZACAPA;ZACAPA;50a a 59 años;Masculino;1
2017;CHIQUIMULA;ESQUIPULAS;50a a 59 años;Masculino;2
2017;CHIQUIMULA;SAN JUAN LA ERMITA;50a a 59 años;Masculino;1
2017;GUATEMALA;GUATEMALA;50a a 59 años;Masculino;3
2017;QUETZALTENANGO;COATEPEQUE;50a a 59 años;Masculino;3
2017;SANTA ROSA;SAN RAFAEL LAS FLORES;50a a 59 años;Masculino;1
2017;ZACAPA;SAN DIEGO;50a a 59 años;Masculino;1
2018;EL PETEN;POPTÚN;50a a 59 años;Masculino;1
2019;ALTA VERAPAZ;CHISEC;50a a 59 años;Masculino;1
2019;CHIQUIMULA;SAN JUAN LA ERMITA;50a a 59 años;Masculino;1
2019;GUATEMALA;GUATEMALA;50a a 59 años;Masculino;1
2020;BAJA VERAPAZ;GRANADOS;50a a 59 años;Masculino;1
2021;BAJA VERAPAZ;SALAMÁ;50a a 59 años;Masculino;1
2023;CHIQUIMULA;QUETZALTEPEQUE;50a a 59 años;Masculino;1
2024;EL PETEN;SAN BENITO;50a a 59 años;Masculino;1
2015;RETALHULEU;RETALHULEU;60a a 64 años;Femenino;1
2015;ZACAPA;ZACAPA;60a a 64 años;Femenino;2
2016;CHIQUIMULA;CAMOTÁN;60a a 64 años;Femenino;1
2016;CHIQUIMULA;IPALA;60a a 64 años;Femenino;2
2016;CHIQUIMULA;JOCOTÁN;60a a 64 años;Femenino;1
2016;CHIQUIMULA;SAN JUAN LA ERMITA;60a a 64 años;Femenino;1
2016;GUATEMALA;GUATEMALA;60a a 64 años;Femenino;3
2016;GUATEMALA;MIXCO;60a a 64 años;Femenino;2
2016;GUATEMALA;SAN JUAN SACATEPÉQUEZ;60a a 64 años;Femenino;1
2016;HUEHUETENANGO;SANTA ANA HUISTA;60a a 64 años;Femenino;1
2016;JUTIAPA;ATESCATEMPA;60a a 64 años;Femenino;2
2016;JUTIAPA;SANTA CATARINA MITA;60a a 64 años;Femenino;1
2016;QUETZALTENANGO;COATEPEQUE;60a a 64 años;Femenino;3
2016;RETALHULEU;EL ASINTAL;60a a 64 años;Femenino;1
2016;SAN MARCOS;MALACATÁN;60a a 64 años;Femenino;1
2016;SANTA ROSA;BARBERENA;60a a 64 años;Femenino;4
2016;SANTA ROSA;PUEBLO NUEVO VIÑAS;60a a 64 años;Femenino;1
2016;SANTA ROSA;SAN RAFAEL LAS FLORES;60a a 64 años;Femenino;1
2016;SUCHITEPEQUEZ;CHICACAO;60a a 64 años;Femenino;1
2016;SUCHITEPEQUEZ;SANTO DOMINGO SUCHITEPÉQUEZ;60a a 64 años;Femenino;1
2016;ZACAPA;GUALÁN;60a a 64 años;Femenino;1
2017;HUEHUETENANGO;MALACATANCITO;60a a 64 años;Femenino;1
2018;GUATEMALA;GUATEMALA;60a a 64 años;Femenino;1
2019;GUATEMALA;GUATEMALA;60a a 64 años;Femenino;1
2020;JALAPA;JALAPA;60a a 64 años;Femenino;1
2015;GUATEMALA;GUATEMALA;60a a 64 años;Masculino;1
2015;ZACAPA;GUALÁN;60a a 64 años;Masculino;1
2016;CHIQUIMULA;CHIQUIMULA;60a a 64 años;Masculino;1
2016;CHIQUIMULA;ESQUIPULAS;60a a 64 años;Masculino;1
2016;CHIQUIMULA;SAN JUAN LA ERMITA;60a a 64 años;Masculino;2
2016;EL PETEN;SAYAXCHÉ;60a a 64 años;Masculino;1
2016;EL PROGRESO;SAN ANTONIO LA PAZ;60a a 64 años;Masculino;1
2016;GUATEMALA;GUATEMALA;60a a 64 años;Masculino;1
2016;GUATEMALA;MIXCO;60a a 64 años;Masculino;2
2016;IZABAL;MORALES;60a a 64 años;Masculino;1
2016;JUTIAPA;SANTA CATARINA MITA;60a a 64 años;Masculino;2
2016;QUETZALTENANGO;COATEPEQUE;60a a 64 años;Masculino;2
2016;QUICHE;PACHALÚN;60a a 64 años;Masculino;1
2016;RETALHULEU;SAN MARTÍN ZAPOTITLÁN;60a a 64 años;Masculino;1
2016;SANTA ROSA;BARBERENA;60a a 64 años;Masculino;1
2016;SANTA ROSA;CUILAPA;60a a 64 años;Masculino;1
2017;ESCUINTLA;TIQUISATE;60a a 64 años;Masculino;1
2017;GUATEMALA;GUATEMALA;60a a 64 años;Masculino;3
2018;ESCUINTLA;MASAGUA;60a a 64 años;Masculino;1
2018;QUETZALTENANGO;COATEPEQUE;60a a 64 años;Masculino;1
2015;ZACAPA;HUITÉ;65a a 69 años;Femenino;1
2016;CHIQUIMULA;ESQUIPULAS;65a a 69 años;Femenino;1
2016;CHIQUIMULA;JOCOTÁN;65a a 69 años;Femenino;2
2016;CHIQUIMULA;SAN JUAN LA ERMITA;65a a 69 años;Femenino;2
2016;EL PROGRESO;SAN ANTONIO LA PAZ;65a a 69 años;Femenino;1
2016;ESCUINTLA;PUERTO DE SAN JOSÉ;65a a 69 años;Femenino;1
2016;GUATEMALA;MIXCO;65a a 69 años;Femenino;1
2016;GUATEMALA;SAN JUAN SACATEPÉQUEZ;65a a 69 años;Femenino;1
2016;QUETZALTENANGO;GÉNOVA;65a a 69 años;Femenino;1
2016;SUCHITEPEQUEZ;SAN FRANCISCO ZAPOTITLÁN;65a a 69 años;Femenino;1
2016;ZACAPA;LA UNIÓN;65a a 69 años;Femenino;3
2016;ZACAPA;TECULUTÁN;65a a 69 años;Femenino;1
2017;GUATEMALA;GUATEMALA;65a a 69 años;Femenino;2
2018;GUATEMALA;GUATEMALA;65a a 69 años;Femenino;2
2020;JUTIAPA;JUTIAPA;65a a 69 años;Femenino;1
2015;ZACAPA;RÍO HONDO;65a a 69 años;Masculino;1
2015;ZACAPA;ZACAPA;65a a 69 años;Masculino;1
2016;ALTA VERAPAZ;SAN PEDRO CARCHÁ;65a a 69 años;Masculino;1
2016;CHIQUIMULA;CHIQUIMULA;65a a 69 años;Masculino;1
2016;CHIQUIMULA;ESQUIPULAS;65a a 69 años;Masculino;1
2016;CHIQUIMULA;SAN JUAN LA ERMITA;65a a 69 años;Masculino;1
2016;EL PETEN;POPTÚN;65a a 69 años;Masculino;1
2016;EL PETEN;SAN LUIS;65a a 69 años;Masculino;1
2016;ESCUINTLA;GUANAGAZAPA;65a a 69 años;Masculino;1
2016;GUATEMALA;GUATEMALA;65a a 69 años;Masculino;1
2016;JUTIAPA;ASUNCIÓN MITA;65a a 69 años;Masculino;1
2016;JUTIAPA;ATESCATEMPA;65a a 69 años;Masculino;2
2016;QUETZALTENANGO;COLOMBA;65a a 69 años;Masculino;1
2016;QUETZALTENANGO;GÉNOVA;65a a 69 años;Masculino;2
2016;QUICHE;PACHALÚN;65a a 69 años;Masculino;1
2016;SAN MARCOS;MALACATÁN;65a a 69 años;Masculino;1
2016;SANTA ROSA;BARBERENA;65a a 69 años;Masculino;1
2016;SUCHITEPEQUEZ;SAMAYAC;65a a 69 años;Masculino;1
2016;ZACAPA;LA UNIÓN;65a a 69 años;Masculino;1
2017;GUATEMALA;GUATEMALA;65a a 69 años;Masculino;2
2017;QUETZALTENANGO;COLOMBA;65a a 69 años;Masculino;1
2017;SANTA ROSA;BARBERENA;65a a 69 años;Masculino;1
2019;ESCUINTLA;NUEVA CONCEPCIÓN;65a a 69 años;Masculino;1
2015;ZACAPA;ZACAPA;70a+;Femenino;1
2016;ALTA VERAPAZ;SAN PEDRO CARCHÁ;70a+;Femenino;1
2016;CHIQUIMULA;CHIQUIMULA;70a+;Femenino;1
2016;CHIQUIMULA;SAN JUAN LA ERMITA;70a+;Femenino;2
2016;ESCUINTLA;ESCUINTLA;70a+;Femenino;1
2016;GUATEMALA;GUATEMALA;70a+;Femenino;2
2016;GUATEMALA;MIXCO;70a+;Femenino;1
2016;JALAPA;SAN LUIS JILOTEPEQUE;70a+;Femenino;1
2016;JUTIAPA;ATESCATEMPA;70a+;Femenino;3
2016;QUETZALTENANGO;COLOMBA;70a+;Femenino;1
2016;QUICHE;PACHALÚN;70a+;Femenino;1
2016;RETALHULEU;NUEVO SAN CARLOS;70a+;Femenino;1
2016;RETALHULEU;SAN SEBASTIÁN;70a+;Femenino;1
2016;SAN MARCOS;MALACATÁN;70a+;Femenino;1
2016;SANTA ROSA;BARBERENA;70a+;Femenino;2
2016;SANTA ROSA;NUEVA SANTA ROSA;70a+;Femenino;2
2016;SANTA ROSA;ORATORIO;70a+;Femenino;1
2016;SANTA ROSA;PUEBLO NUEVO VIÑAS;70a+;Femenino;1
2016;SANTA ROSA;SAN RAFAEL LAS FLORES;70a+;Femenino;1
2016;ZACAPA;GUALÁN;70a+;Femenino;1
2017;JUTIAPA;ATESCATEMPA;70a+;Femenino;2
2023;EL PETEN;SAN BENITO;70a+;Femenino;1
2024;QUICHE;PACHALÚN;70a+;Femenino;1
2015;ESCUINTLA;TIQUISATE;70a+;Masculino;1
2015;ZACAPA;SAN JORGE;70a+;Masculino;1
2015;ZACAPA;ZACAPA;70a+;Masculino;2
2016;ALTA VERAPAZ;COBÁN;70a+;Masculino;1
2016;CHIQUIMULA;SAN JUAN LA ERMITA;70a+;Masculino;3
2016;EL PETEN;LA LIBERTAD;70a+;Masculino;1
2016;EL PETEN;POPTÚN;70a+;Masculino;1
2016;ESCUINTLA;ESCUINTLA;70a+;Masculino;1
2016;ESCUINTLA;GUANAGAZAPA;70a+;Masculino;1
2016;GUATEMALA;GUATEMALA;70a+;Masculino;2
2016;IZABAL;MORALES;70a+;Masculino;1
2016;QUETZALTENANGO;COLOMBA;70a+;Masculino;1
2016;SAN MARCOS;MALACATÁN;70a+;Masculino;1
2016;SANTA ROSA;CASILLAS;70a+;Masculino;1
2016;SANTA ROSA;NUEVA SANTA ROSA;70a+;Masculino;1
2016;SANTA ROSA;ORATORIO;70a+;Masculino;1
2016;SANTA ROSA;PUEBLO NUEVO VIÑAS;70a+;Masculino;1
2016;ZACAPA;LA UNIÓN;70a+;Masculino;1
2016;ZACAPA;ZACAPA;70a+;Masculino;1
2017;GUATEMALA;GUATEMALA;70a+;Masculino;1
2017;SANTA ROSA;PUEBLO NUEVO VIÑAS;70a+;Masculino;1
2019;CHIQUIMULA;SAN JUAN LA ERMITA;70a+;Masculino;1
2019;GUATEMALA;GUATEMALA;70a+;Masculino;1
2021;BAJA VERAPAZ;SALAMÁ;70a+;Masculino;2
