Año;Departamento;Municipio;Grupo Etario;Sexo;Casos
2012;ALTA VERAPAZ;FRAY BARTOLOMÉ DE LAS CASAS;25a a 39 años;Masculino;2
2012;ALTA VERAPAZ;LA TINTA;40a a 49 años;Femenino;1
2012;BAJA VERAPAZ;SALAMÁ;10a  a 14 años;Masculino;1
2012;CHIQUIMULA;CAMOTÁN;40a a 49 años;Masculino;1
2012;CHIQUIMULA;CAMOTÁN;60a a 64 años;Femenino;2
2012;CHIQUIMULA;CAMOTÁN;60a a 64 años;Masculino;2
2012;CHIQUIMULA;CHIQUIMULA;40a a 49 años;Masculino;3
2012;CHIQUIMULA;CHIQUIMULA;70a+;Femenino;1
2012;CHIQUIMULA;JOCOTÁN;60a a 64 años;Femenino;1
2012;CHIQUIMULA;JOCOTÁN;60a a 64 años;Masculino;1
2012;CHIQUIMULA;SAN JACINTO;50a a 59 años;Femenino;1
2012;CHIQUIMULA;SAN JACINTO;50a a 59 años;Masculino;1
2012;CHIQUIMULA;SAN JACINTO;65a a 69 años;Masculino;2
2012;EL PETEN;MELCHOR DE MENCOS;15a  a 19 años;Masculino;1
2012;EL PROGRESO;EL JÍCARO;65a a 69 años;Masculino;2
2012;EL PROGRESO;GUASTATOYA;15a  a 19 años;Masculino;2
2012;EL PROGRESO;GUASTATOYA;25a a 39 años;Femenino;2
2012;EL PROGRESO;SAN AGUSTÍN ACASAGUASTLÁN;25a a 39 años;Femenino;1
2012;EL PROGRESO;SAN AGUSTÍN ACASAGUASTLÁN;50a a 59 años;Masculino;2
2012;GUATEMALA;VILLA NUEVA;40a a 49 años;Femenino;1
2012;GUATEMALA;VILLA NUEVA;60a a 64 años;Femenino;1
2012;HUEHUETENANGO;LA DEMOCRACIA;5a a 9 años;Femenino;1
2012;HUEHUETENANGO;LA DEMOCRACIA;5a a 9 años;Masculino;1
2012;HUEHUETENANGO;LA DEMOCRACIA;25a a 39 años;Femenino;1
2012;JUTIAPA;JALPATAGUA;15a  a 19 años;Masculino;1
2012;JUTIAPA;JUTIAPA;1a a 4 años;Femenino;1
2012;SANTA ROSA;NUEVA SANTA ROSA;25a a 39 años;Femenino;1
2012;SANTA ROSA;ORATORIO;70a+;Masculino;1
2012;SANTA ROSA;SANTA CRUZ NARANJO;40a a 49 años;Masculino;1
2012;ZACAPA;ZACAPA;25a a 39 años;Masculino;1
2013;ALTA VERAPAZ;FRAY BARTOLOMÉ DE LAS CASAS;40a a 49 años;Masculino;2
2013;BAJA VERAPAZ;GRANADOS;20a a 24 años;Femenino;1
2013;BAJA VERAPAZ;SAN MIGUEL CHICAJ;25a a 39 años;Masculino;1
2013;CHIQUIMULA;CAMOTÁN;25a a 39 años;Masculino;1
2013;CHIQUIMULA;CAMOTÁN;40a a 49 años;Masculino;1
2013;CHIQUIMULA;SAN JACINTO;40a a 49 años;Masculino;1
2013;CHIQUIMULA;SAN JACINTO;70a+;Masculino;1
2013;EL PETEN;LA LIBERTAD;10a  a 14 años;Femenino;1
2013;EL PETEN;LA LIBERTAD;15a  a 19 años;Masculino;1
2013;EL PETEN;MELCHOR DE MENCOS;5a a 9 años;Femenino;2
2013;EL PETEN;POPTÚN;20a a 24 años;Masculino;1
2013;EL PETEN;POPTÚN;25a a 39 años;Femenino;1
2013;EL PETEN;SAN BENITO;15a  a 19 años;Femenino;1
2013;EL PETEN;SAN BENITO;15a  a 19 años;Masculino;1
2013;EL PROGRESO;MORAZÁN;25a a 39 años;Femenino;1
2013;EL PROGRESO;MORAZÁN;50a a 59 años;Femenino;1
2013;EL PROGRESO;SANARATE;5a a 9 años;Femenino;1
2013;GUATEMALA;GUATEMALA;1a a 4 años;Femenino;1
2013;GUATEMALA;GUATEMALA;25a a 39 años;Femenino;1
2013;GUATEMALA;GUATEMALA;50a a 59 años;Masculino;1
2013;GUATEMALA;GUATEMALA;65a a 69 años;Femenino;1
2013;GUATEMALA;SAN JOSÉ DEL GOLFO;5a a 9 años;Masculino;1
2013;GUATEMALA;SAN JOSÉ DEL GOLFO;10a  a 14 años;Masculino;1
2013;GUATEMALA;SAN JOSÉ DEL GOLFO;40a a 49 años;Femenino;2
2013;GUATEMALA;SAN PEDRO AYAMPUC;70a+;Masculino;1
2013;IZABAL;PUERTO BARRIOS;50a a 59 años;Femenino;1
2013;JUTIAPA;CONGUACO;1a a 4 años;Femenino;4
2013;JUTIAPA;CONGUACO;5a a 9 años;Femenino;1
2013;JUTIAPA;CONGUACO;5a a 9 años;Masculino;1
2013;JUTIAPA;CONGUACO;10a  a 14 años;Femenino;1
2013;JUTIAPA;CONGUACO;15a  a 19 años;Femenino;1
2013;JUTIAPA;JUTIAPA;1a a 4 años;Masculino;1
2013;JUTIAPA;JUTIAPA;10a  a 14 años;Masculino;2
2013;JUTIAPA;JUTIAPA;15a  a 19 años;Femenino;1
2013;JUTIAPA;JUTIAPA;25a a 39 años;Femenino;1
2013;SANTA ROSA;PUEBLO NUEVO VIÑAS;10a  a 14 años;Masculino;1
2013;ZACAPA;SAN JORGE;25a a 39 años;Masculino;1
2014;CHIMALTENANGO;CHIMALTENANGO;20a a 24 años;Masculino;1
2014;CHIQUIMULA;CAMOTÁN;50a a 59 años;Femenino;1
2014;CHIQUIMULA;IPALA;25a a 39 años;Masculino;1
2014;CHIQUIMULA;OLOPA;15a  a 19 años;Masculino;1
2014;CHIQUIMULA;OLOPA;20a a 24 años;Femenino;1
2014;CHIQUIMULA;OLOPA;25a a 39 años;Femenino;4
2014;CHIQUIMULA;OLOPA;40a a 49 años;Femenino;1
2014;CHIQUIMULA;SAN JACINTO;70a+;Femenino;1
2014;CHIQUIMULA;SAN JUAN LA ERMITA;25a a 39 años;Femenino;1
2014;EL PROGRESO;EL JÍCARO;5a a 9 años;Masculino;1
2014;EL PROGRESO;GUASTATOYA;50a a 59 años;Femenino;1
2014;EL PROGRESO;MORAZÁN;20a a 24 años;Femenino;1
2014;EL PROGRESO;MORAZÁN;25a a 39 años;Femenino;2
2014;ESCUINTLA;ESCUINTLA;40a a 49 años;Masculino;1
2014;ESCUINTLA;LA GOMERA;2m a < 1 año;Masculino;1
2014;ESCUINTLA;LA GOMERA;1a a 4 años;Femenino;1
2014;ESCUINTLA;TIQUISATE;1a a 4 años;Femenino;1
2014;GUATEMALA;GUATEMALA;25a a 39 años;Femenino;1
2014;GUATEMALA;GUATEMALA;40a a 49 años;Femenino;1
2014;GUATEMALA;MIXCO;25a a 39 años;Masculino;1
2014;GUATEMALA;SAN JOSÉ DEL GOLFO;40a a 49 años;Femenino;1
2014;GUATEMALA;SAN PEDRO AYAMPUC;25a a 39 años;Femenino;1
2014;GUATEMALA;SAN PEDRO AYAMPUC;50a a 59 años;Femenino;1
2014;IZABAL;PUERTO BARRIOS;60a a 64 años;Femenino;1
2014;JUTIAPA;AGUA BLANCA;15a  a 19 años;Femenino;1
2014;JUTIAPA;COMAPA;25a a 39 años;Femenino;1
2014;JUTIAPA;CONGUACO;1a a 4 años;Masculino;2
2014;JUTIAPA;CONGUACO;25a a 39 años;Femenino;3
2014;JUTIAPA;EL ADELANTO;25a a 39 años;Femenino;1
2014;JUTIAPA;JUTIAPA;10a  a 14 años;Femenino;1
2014;JUTIAPA;JUTIAPA;10a  a 14 años;Masculino;1
2014;JUTIAPA;JUTIAPA;25a a 39 años;Femenino;2
2014;JUTIAPA;JUTIAPA;40a a 49 años;Masculino;1
2014;JUTIAPA;SANTA CATARINA MITA;5a a 9 años;Masculino;1
2014;JUTIAPA;ZAPOTITLÁN;50a a 59 años;Femenino;1
2014;SANTA ROSA;NUEVA SANTA ROSA;20a a 24 años;Masculino;1
2014;SANTA ROSA;NUEVA SANTA ROSA;25a a 39 años;Masculino;2
2014;SANTA ROSA;NUEVA SANTA ROSA;40a a 49 años;Masculino;1
2014;SANTA ROSA;ORATORIO;40a a 49 años;Femenino;1
2014;SANTA ROSA;PUEBLO NUEVO VIÑAS;10a  a 14 años;Masculino;2
2014;SANTA ROSA;SAN RAFAEL LAS FLORES;15a  a 19 años;Femenino;1
2014;SANTA ROSA;SAN RAFAEL LAS FLORES;40a a 49 años;Masculino;1
2014;ZACAPA;ZACAPA;50a a 59 años;Femenino;1
2014;ZACAPA;ZACAPA;70a+;Masculino;1
2015;ALTA VERAPAZ;SAN PEDRO CARCHÁ;50a a 59 años;Masculino;1
2015;BAJA VERAPAZ;GRANADOS;50a a 59 años;Femenino;2
2015;BAJA VERAPAZ;GRANADOS;65a a 69 años;Masculino;1
2015;CHIQUIMULA;CAMOTÁN;10a  a 14 años;Femenino;1
2015;CHIQUIMULA;CAMOTÁN;40a a 49 años;Masculino;2
2015;CHIQUIMULA;CAMOTÁN;70a+;Masculino;1
2015;CHIQUIMULA;CHIQUIMULA;25a a 39 años;Femenino;2
2015;CHIQUIMULA;CHIQUIMULA;25a a 39 años;Masculino;1
2015;CHIQUIMULA;CHIQUIMULA;40a a 49 años;Masculino;2
2015;CHIQUIMULA;CHIQUIMULA;50a a 59 años;Masculino;1
2015;CHIQUIMULA;CHIQUIMULA;60a a 64 años;Femenino;1
2015;CHIQUIMULA;CHIQUIMULA;70a+;Masculino;1
2015;CHIQUIMULA;ESQUIPULAS;60a a 64 años;Femenino;1
2015;CHIQUIMULA;IPALA;60a a 64 años;Masculino;1
2015;CHIQUIMULA;JOCOTÁN;15a  a 19 años;Femenino;1
2015;CHIQUIMULA;JOCOTÁN;50a a 59 años;Femenino;1
2015;CHIQUIMULA;JOCOTÁN;50a a 59 años;Masculino;1
2015;CHIQUIMULA;JOCOTÁN;70a+;Femenino;1
2015;CHIQUIMULA;JOCOTÁN;70a+;Masculino;2
2015;CHIQUIMULA;OLOPA;50a a 59 años;Femenino;1
2015;CHIQUIMULA;QUETZALTEPEQUE;25a a 39 años;Masculino;1
2015;CHIQUIMULA;QUETZALTEPEQUE;50a a 59 años;Femenino;1
2015;CHIQUIMULA;QUETZALTEPEQUE;50a a 59 años;Masculino;1
2015;CHIQUIMULA;SAN JACINTO;50a a 59 años;Masculino;1
2015;CHIQUIMULA;SAN JACINTO;60a a 64 años;Femenino;1
2015;CHIQUIMULA;SAN JACINTO;65a a 69 años;Masculino;1
2015;EL PETEN;FLORES;40a a 49 años;Masculino;1
2015;EL PETEN;FLORES;65a a 69 años;Masculino;2
2015;EL PETEN;SAN ANDRÉS;20a a 24 años;Masculino;1
2015;EL PETEN;SAN ANDRÉS;25a a 39 años;Masculino;1
2015;EL PETEN;SAN ANDRÉS;50a a 59 años;Masculino;1
2015;EL PETEN;SAN BENITO;40a a 49 años;Masculino;1
2015;EL PETEN;SAN BENITO;50a a 59 años;Masculino;1
2015;EL PETEN;SAN BENITO;70a+;Femenino;1
2015;EL PETEN;SAN LUIS;25a a 39 años;Masculino;1
2015;EL PROGRESO;MORAZÁN;25a a 39 años;Masculino;1
2015;EL PROGRESO;SAN ANTONIO LA PAZ;20a a 24 años;Femenino;1
2015;EL PROGRESO;SAN CRISTÓBAL ACASAGUASTLÁN;50a a 59 años;Masculino;1
2015;EL PROGRESO;SAN CRISTÓBAL ACASAGUASTLÁN;60a a 64 años;Femenino;2
2015;GUATEMALA;AMATITLÁN;40a a 49 años;Masculino;1
2015;GUATEMALA;GUATEMALA;2m a < 1 año;Femenino;1
2015;GUATEMALA;GUATEMALA;15a  a 19 años;Femenino;3
2015;GUATEMALA;GUATEMALA;15a  a 19 años;Masculino;3
2015;GUATEMALA;GUATEMALA;20a a 24 años;Femenino;12
2015;GUATEMALA;GUATEMALA;20a a 24 años;Masculino;17
2015;GUATEMALA;GUATEMALA;25a a 39 años;Femenino;14
2015;GUATEMALA;GUATEMALA;25a a 39 años;Masculino;18
2015;GUATEMALA;GUATEMALA;40a a 49 años;Femenino;4
2015;GUATEMALA;GUATEMALA;40a a 49 años;Masculino;6
2015;GUATEMALA;GUATEMALA;50a a 59 años;Femenino;2
2015;GUATEMALA;GUATEMALA;50a a 59 años;Masculino;3
2015;GUATEMALA;GUATEMALA;60a a 64 años;Masculino;1
2015;GUATEMALA;GUATEMALA;70a+;Masculino;1
2015;GUATEMALA;MIXCO;40a a 49 años;Femenino;1
2015;GUATEMALA;MIXCO;50a a 59 años;Masculino;1
2015;GUATEMALA;VILLA NUEVA;40a a 49 años;Femenino;1
2015;HUEHUETENANGO;SAN ANTONIO HUISTA;25a a 39 años;Femenino;2
2015;HUEHUETENANGO;SAN ANTONIO HUISTA;25a a 39 años;Masculino;1
2015;IZABAL;PUERTO BARRIOS;65a a 69 años;Femenino;1
2015;IZABAL;PUERTO BARRIOS;70a+;Femenino;2
2015;JUTIAPA;ASUNCIÓN MITA;15a  a 19 años;Femenino;1
2015;JUTIAPA;COMAPA;1a a 4 años;Femenino;1
2015;JUTIAPA;COMAPA;1a a 4 años;Masculino;1
2015;JUTIAPA;COMAPA;5a a 9 años;Femenino;3
2015;JUTIAPA;COMAPA;5a a 9 años;Masculino;2
2015;JUTIAPA;COMAPA;10a  a 14 años;Femenino;1
2015;JUTIAPA;COMAPA;10a  a 14 años;Masculino;3
2015;JUTIAPA;COMAPA;15a  a 19 años;Femenino;1
2015;JUTIAPA;COMAPA;15a  a 19 años;Masculino;2
2015;JUTIAPA;COMAPA;20a a 24 años;Femenino;5
2015;JUTIAPA;COMAPA;25a a 39 años;Femenino;9
2015;JUTIAPA;COMAPA;25a a 39 años;Masculino;1
2015;JUTIAPA;COMAPA;40a a 49 años;Femenino;14
2015;JUTIAPA;COMAPA;50a a 59 años;Masculino;2
2015;JUTIAPA;CONGUACO;20a a 24 años;Femenino;2
2015;JUTIAPA;EL ADELANTO;25a a 39 años;Femenino;1
2015;JUTIAPA;JALPATAGUA;25a a 39 años;Masculino;1
2015;JUTIAPA;JUTIAPA;10a  a 14 años;Femenino;1
2015;JUTIAPA;JUTIAPA;25a a 39 años;Masculino;2
2015;JUTIAPA;JUTIAPA;40a a 49 años;Femenino;2
2015;JUTIAPA;JUTIAPA;50a a 59 años;Masculino;2
2015;JUTIAPA;JUTIAPA;60a a 64 años;Femenino;1
2015;JUTIAPA;PASACO;40a a 49 años;Femenino;1
2015;JUTIAPA;SANTA CATARINA MITA;10a  a 14 años;Femenino;1
2015;SANTA ROSA;CHIQUIMULILLA;40a a 49 años;Masculino;1
2015;SANTA ROSA;SANTA MARÍA IXHUATÁN;5a a 9 años;Femenino;1
2015;SANTA ROSA;SANTA ROSA DE LIMA;25a a 39 años;Femenino;1
2015;ZACAPA;CABAÑAS;40a a 49 años;Masculino;1
2015;ZACAPA;HUITÉ;50a a 59 años;Masculino;1
2015;ZACAPA;HUITÉ;65a a 69 años;Masculino;1
2015;ZACAPA;SAN DIEGO;25a a 39 años;Masculino;1
2015;ZACAPA;TECULUTÁN;20a a 24 años;Masculino;1
2015;ZACAPA;ZACAPA;20a a 24 años;Femenino;1
2015;ZACAPA;ZACAPA;40a a 49 años;Masculino;1
2015;ZACAPA;ZACAPA;60a a 64 años;Femenino;1
2016;BAJA VERAPAZ;GRANADOS;15a  a 19 años;Femenino;1
2016;BAJA VERAPAZ;GRANADOS;25a a 39 años;Masculino;1
2016;BAJA VERAPAZ;GRANADOS;40a a 49 años;Femenino;1
2016;CHIQUIMULA;CAMOTÁN;15a  a 19 años;Femenino;3
2016;CHIQUIMULA;CAMOTÁN;20a a 24 años;Femenino;2
2016;CHIQUIMULA;CAMOTÁN;25a a 39 años;Femenino;10
2016;CHIQUIMULA;CAMOTÁN;25a a 39 años;Masculino;1
2016;CHIQUIMULA;CAMOTÁN;40a a 49 años;Femenino;2
2016;CHIQUIMULA;CAMOTÁN;40a a 49 años;Masculino;1
2016;CHIQUIMULA;CAMOTÁN;60a a 64 años;Masculino;1
2016;CHIQUIMULA;CAMOTÁN;70a+;Femenino;1
2016;CHIQUIMULA;CHIQUIMULA;15a  a 19 años;Femenino;1
2016;CHIQUIMULA;CHIQUIMULA;20a a 24 años;Femenino;2
2016;CHIQUIMULA;CHIQUIMULA;25a a 39 años;Femenino;11
2016;CHIQUIMULA;CHIQUIMULA;25a a 39 años;Masculino;2
2016;CHIQUIMULA;CHIQUIMULA;40a a 49 años;Femenino;9
2016;CHIQUIMULA;CHIQUIMULA;40a a 49 años;Masculino;1
2016;CHIQUIMULA;CHIQUIMULA;50a a 59 años;Femenino;4
2016;CHIQUIMULA;CHIQUIMULA;70a+;Femenino;2
2016;CHIQUIMULA;CHIQUIMULA;70a+;Masculino;1
2016;CHIQUIMULA;CONCEPCIÓN LAS MINAS;5a a 9 años;Femenino;1
2016;CHIQUIMULA;CONCEPCIÓN LAS MINAS;20a a 24 años;Femenino;1
2016;CHIQUIMULA;ESQUIPULAS;25a a 39 años;Femenino;5
2016;CHIQUIMULA;ESQUIPULAS;40a a 49 años;Masculino;2
2016;CHIQUIMULA;ESQUIPULAS;50a a 59 años;Masculino;1
2016;CHIQUIMULA;ESQUIPULAS;60a a 64 años;Femenino;1
2016;CHIQUIMULA;ESQUIPULAS;70a+;Femenino;1
2016;CHIQUIMULA;JOCOTÁN;1a a 4 años;Femenino;1
2016;CHIQUIMULA;JOCOTÁN;15a  a 19 años;Femenino;7
2016;CHIQUIMULA;JOCOTÁN;20a a 24 años;Femenino;5
2016;CHIQUIMULA;JOCOTÁN;25a a 39 años;Femenino;12
2016;CHIQUIMULA;JOCOTÁN;40a a 49 años;Masculino;1
2016;CHIQUIMULA;JOCOTÁN;50a a 59 años;Femenino;1
2016;CHIQUIMULA;JOCOTÁN;50a a 59 años;Masculino;1
2016;CHIQUIMULA;JOCOTÁN;65a a 69 años;Masculino;1
2016;CHIQUIMULA;OLOPA;10a  a 14 años;Femenino;1
2016;CHIQUIMULA;OLOPA;25a a 39 años;Femenino;9
2016;CHIQUIMULA;OLOPA;25a a 39 años;Masculino;3
2016;CHIQUIMULA;OLOPA;50a a 59 años;Masculino;1
2016;CHIQUIMULA;QUETZALTEPEQUE;25a a 39 años;Femenino;4
2016;CHIQUIMULA;QUETZALTEPEQUE;40a a 49 años;Femenino;1
2016;CHIQUIMULA;QUETZALTEPEQUE;60a a 64 años;Femenino;1
2016;CHIQUIMULA;SAN JACINTO;25a a 39 años;Femenino;2
2016;CHIQUIMULA;SAN JACINTO;40a a 49 años;Femenino;1
2016;CHIQUIMULA;SAN JACINTO;65a a 69 años;Masculino;1
2016;CHIQUIMULA;SAN JACINTO;70a+;Femenino;1
2016;CHIQUIMULA;SAN JUAN LA ERMITA;25a a 39 años;Femenino;1
2016;CHIQUIMULA;SAN JUAN LA ERMITA;60a a 64 años;Femenino;1
2016;CHIQUIMULA;SAN JUAN LA ERMITA;65a a 69 años;Femenino;1
2016;CHIQUIMULA;SAN JUAN LA ERMITA;70a+;Masculino;1
2016;EL PETEN;FLORES;70a+;Femenino;1
2016;EL PETEN;SAN BENITO;50a a 59 años;Femenino;1
2016;EL PROGRESO;GUASTATOYA;40a a 49 años;Masculino;2
2016;EL PROGRESO;SAN AGUSTÍN ACASAGUASTLÁN;40a a 49 años;Femenino;1
2016;EL PROGRESO;SAN AGUSTÍN ACASAGUASTLÁN;60a a 64 años;Femenino;1
2016;EL PROGRESO;SAN AGUSTÍN ACASAGUASTLÁN;60a a 64 años;Masculino;2
2016;EL PROGRESO;SAN AGUSTÍN ACASAGUASTLÁN;65a a 69 años;Femenino;1
2016;EL PROGRESO;SAN AGUSTÍN ACASAGUASTLÁN;70a+;Femenino;2
2016;EL PROGRESO;SAN AGUSTÍN ACASAGUASTLÁN;70a+;Masculino;1
2016;EL PROGRESO;SAN ANTONIO LA PAZ;15a  a 19 años;Femenino;1
2016;EL PROGRESO;SAN CRISTÓBAL ACASAGUASTLÁN;25a a 39 años;Femenino;1
2016;EL PROGRESO;SAN CRISTÓBAL ACASAGUASTLÁN;40a a 49 años;Femenino;2
2016;EL PROGRESO;SAN CRISTÓBAL ACASAGUASTLÁN;50a a 59 años;Femenino;1
2016;EL PROGRESO;SAN CRISTÓBAL ACASAGUASTLÁN;60a a 64 años;Femenino;2
2016;EL PROGRESO;SAN CRISTÓBAL ACASAGUASTLÁN;65a a 69 años;Femenino;1
2016;EL PROGRESO;SAN CRISTÓBAL ACASAGUASTLÁN;70a+;Femenino;2
2016;GUATEMALA;GUATEMALA;10a  a 14 años;Masculino;1
2016;GUATEMALA;GUATEMALA;25a a 39 años;Femenino;1
2016;GUATEMALA;MIXCO;25a a 39 años;Femenino;7
2016;GUATEMALA;VILLA NUEVA;15a  a 19 años;Masculino;2
2016;GUATEMALA;VILLA NUEVA;50a a 59 años;Femenino;1
2016;IZABAL;PUERTO BARRIOS;10a  a 14 años;Femenino;1
2016;IZABAL;PUERTO BARRIOS;60a a 64 años;Femenino;2
2016;JUTIAPA;COMAPA;5a a 9 años;Femenino;1
2016;JUTIAPA;COMAPA;5a a 9 años;Masculino;1
2016;JUTIAPA;COMAPA;10a  a 14 años;Femenino;2
2016;JUTIAPA;COMAPA;15a  a 19 años;Femenino;1
2016;JUTIAPA;COMAPA;20a a 24 años;Femenino;1
2016;JUTIAPA;COMAPA;25a a 39 años;Femenino;13
2016;JUTIAPA;COMAPA;25a a 39 años;Masculino;1
2016;JUTIAPA;COMAPA;40a a 49 años;Femenino;3
2016;JUTIAPA;COMAPA;50a a 59 años;Femenino;4
2016;JUTIAPA;COMAPA;50a a 59 años;Masculino;1
2016;JUTIAPA;COMAPA;60a a 64 años;Femenino;1
2016;JUTIAPA;CONGUACO;10a  a 14 años;Femenino;3
2016;JUTIAPA;CONGUACO;25a a 39 años;Femenino;1
2016;JUTIAPA;CONGUACO;40a a 49 años;Femenino;1
2016;JUTIAPA;CONGUACO;50a a 59 años;Femenino;2
2016;JUTIAPA;CONGUACO;50a a 59 años;Masculino;1
2016;JUTIAPA;CONGUACO;65a a 69 años;Femenino;1
2016;JUTIAPA;EL ADELANTO;20a a 24 años;Femenino;1
2016;JUTIAPA;EL ADELANTO;25a a 39 años;Femenino;6
2016;JUTIAPA;JEREZ;40a a 49 años;Masculino;1
2016;JUTIAPA;JUTIAPA;25a a 39 años;Masculino;1
2016;JUTIAPA;JUTIAPA;40a a 49 años;Femenino;1
2016;JUTIAPA;JUTIAPA;50a a 59 años;Femenino;1
2016;JUTIAPA;MOYUTA;15a  a 19 años;Masculino;1
2016;JUTIAPA;QUEZADA;15a  a 19 años;Femenino;1
2016;JUTIAPA;SAN JOSÉ ACATEMPA;25a a 39 años;Femenino;3
2016;SANTA ROSA;CUILAPA;1a a 4 años;Masculino;1
2016;SANTA ROSA;CUILAPA;40a a 49 años;Femenino;1
2016;SANTA ROSA;NUEVA SANTA ROSA;25a a 39 años;Femenino;1
2016;SANTA ROSA;NUEVA SANTA ROSA;70a+;Femenino;1
2016;SANTA ROSA;PUEBLO NUEVO VIÑAS;25a a 39 años;Femenino;2
2016;SANTA ROSA;PUEBLO NUEVO VIÑAS;25a a 39 años;Masculino;1
2016;SOLOLA;SANTA CATARINA IXTAHUACÁN;25a a 39 años;Femenino;1
2016;ZACAPA;HUITÉ;25a a 39 años;Masculino;1
2016;ZACAPA;HUITÉ;40a a 49 años;Masculino;1
2016;ZACAPA;HUITÉ;50a a 59 años;Masculino;1
2016;ZACAPA;SAN DIEGO;25a a 39 años;Masculino;2
2016;ZACAPA;SAN DIEGO;65a a 69 años;Masculino;1
2016;ZACAPA;TECULUTÁN;5a a 9 años;Masculino;1
2016;ZACAPA;TECULUTÁN;50a a 59 años;Femenino;1
2017;BAJA VERAPAZ;CUBULCO;20a a 24 años;Masculino;1
2017;CHIQUIMULA;CAMOTÁN;1a a 4 años;Femenino;1
2017;CHIQUIMULA;CAMOTÁN;5a a 9 años;Femenino;1
2017;CHIQUIMULA;CAMOTÁN;20a a 24 años;Femenino;2
2017;CHIQUIMULA;CAMOTÁN;25a a 39 años;Femenino;4
2017;CHIQUIMULA;CAMOTÁN;25a a 39 años;Masculino;1
2017;CHIQUIMULA;CAMOTÁN;40a a 49 años;Femenino;1
2017;CHIQUIMULA;CAMOTÁN;40a a 49 años;Masculino;2
2017;CHIQUIMULA;CAMOTÁN;50a a 59 años;Femenino;1
2017;CHIQUIMULA;CAMOTÁN;50a a 59 años;Masculino;1
2017;CHIQUIMULA;CAMOTÁN;60a a 64 años;Femenino;1
2017;CHIQUIMULA;ESQUIPULAS;25a a 39 años;Femenino;4
2017;CHIQUIMULA;ESQUIPULAS;40a a 49 años;Femenino;1
2017;CHIQUIMULA;QUETZALTEPEQUE;15a  a 19 años;Femenino;1
2017;CHIQUIMULA;QUETZALTEPEQUE;25a a 39 años;Femenino;1
2017;CHIQUIMULA;QUETZALTEPEQUE;40a a 49 años;Masculino;1
2017;CHIQUIMULA;QUETZALTEPEQUE;50a a 59 años;Masculino;1
2017;CHIQUIMULA;QUETZALTEPEQUE;70a+;Femenino;1
2017;CHIQUIMULA;SAN JACINTO;10a  a 14 años;Femenino;1
2017;CHIQUIMULA;SAN JACINTO;20a a 24 años;Femenino;1
2017;CHIQUIMULA;SAN JACINTO;25a a 39 años;Femenino;2
2017;CHIQUIMULA;SAN JACINTO;40a a 49 años;Masculino;1
2017;CHIQUIMULA;SAN JACINTO;70a+;Masculino;1
2017;CHIQUIMULA;SAN JUAN LA ERMITA;25a a 39 años;Femenino;1
2017;CHIQUIMULA;SAN JUAN LA ERMITA;50a a 59 años;Masculino;1
2017;EL PETEN;FLORES;5a a 9 años;Masculino;1
2017;EL PETEN;FLORES;25a a 39 años;Masculino;2
2017;EL PETEN;FLORES;40a a 49 años;Masculino;1
2017;EL PETEN;FLORES;50a a 59 años;Masculino;2
2017;EL PETEN;FLORES;60a a 64 años;Masculino;1
2017;EL PETEN;POPTÚN;15a  a 19 años;Masculino;1
2017;EL PETEN;POPTÚN;40a a 49 años;Masculino;1
2017;EL PETEN;SAN BENITO;25a a 39 años;Femenino;1
2017;EL PETEN;SAN BENITO;25a a 39 años;Masculino;2
2017;EL PETEN;SAN BENITO;40a a 49 años;Masculino;2
2017;EL PETEN;SAN BENITO;60a a 64 años;Masculino;1
2017;EL PETEN;SAN BENITO;65a a 69 años;Masculino;1
2017;EL PROGRESO;MORAZÁN;50a a 59 años;Femenino;1
2017;EL PROGRESO;SAN CRISTÓBAL ACASAGUASTLÁN;25a a 39 años;Femenino;1
2017;EL PROGRESO;SAN CRISTÓBAL ACASAGUASTLÁN;40a a 49 años;Femenino;2
2017;EL PROGRESO;SAN CRISTÓBAL ACASAGUASTLÁN;40a a 49 años;Masculino;1
2017;EL PROGRESO;SAN CRISTÓBAL ACASAGUASTLÁN;60a a 64 años;Femenino;1
2017;EL PROGRESO;SAN CRISTÓBAL ACASAGUASTLÁN;65a a 69 años;Femenino;2
2017;EL PROGRESO;SAN CRISTÓBAL ACASAGUASTLÁN;70a+;Femenino;3
2017;ESCUINTLA;TIQUISATE;25a a 39 años;Femenino;2
2017;ESCUINTLA;TIQUISATE;40a a 49 años;Masculino;1
2017;GUATEMALA;GUATEMALA;1a a 4 años;Masculino;1
2017;GUATEMALA;GUATEMALA;25a a 39 años;Masculino;2
2017;GUATEMALA;GUATEMALA;40a a 49 años;Femenino;2
2017;GUATEMALA;GUATEMALA;60a a 64 años;Masculino;1
2017;GUATEMALA;GUATEMALA;70a+;Masculino;1
2017;GUATEMALA;MIXCO;20a a 24 años;Femenino;1
2017;GUATEMALA;MIXCO;25a a 39 años;Femenino;1
2017;GUATEMALA;VILLA NUEVA;25a a 39 años;Masculino;1
2017;HUEHUETENANGO;HUEHUETENANGO;1a a 4 años;Femenino;1
2017;HUEHUETENANGO;HUEHUETENANGO;50a a 59 años;Masculino;1
2017;IZABAL;LOS AMATES;40a a 49 años;Masculino;1
2017;JALAPA;JALAPA;50a a 59 años;Femenino;1
2017;JALAPA;MONJAS;50a a 59 años;Femenino;1
2017;JALAPA;MONJAS;50a a 59 años;Masculino;1
2017;JALAPA;MONJAS;60a a 64 años;Femenino;1
2017;JALAPA;SAN MANUEL CHAPARRÓN;60a a 64 años;Femenino;1
2017;JALAPA;SAN PEDRO PINULA;40a a 49 años;Masculino;1
2017;JALAPA;SAN PEDRO PINULA;50a a 59 años;Masculino;1
2017;JUTIAPA;ASUNCIÓN MITA;25a a 39 años;Masculino;1
2017;JUTIAPA;ASUNCIÓN MITA;40a a 49 años;Femenino;1
2017;JUTIAPA;ASUNCIÓN MITA;40a a 49 años;Masculino;1
2017;JUTIAPA;ASUNCIÓN MITA;65a a 69 años;Femenino;1
2017;JUTIAPA;ATESCATEMPA;15a  a 19 años;Femenino;1
2017;JUTIAPA;ATESCATEMPA;25a a 39 años;Masculino;2
2017;JUTIAPA;ATESCATEMPA;50a a 59 años;Femenino;1
2017;JUTIAPA;COMAPA;5a a 9 años;Femenino;1
2017;JUTIAPA;COMAPA;5a a 9 años;Masculino;2
2017;JUTIAPA;COMAPA;10a  a 14 años;Femenino;3
2017;JUTIAPA;COMAPA;10a  a 14 años;Masculino;2
2017;JUTIAPA;COMAPA;15a  a 19 años;Femenino;1
2017;JUTIAPA;COMAPA;15a  a 19 años;Masculino;1
2017;JUTIAPA;COMAPA;20a a 24 años;Femenino;2
2017;JUTIAPA;COMAPA;25a a 39 años;Femenino;9
2017;JUTIAPA;COMAPA;25a a 39 años;Masculino;3
2017;JUTIAPA;COMAPA;40a a 49 años;Femenino;4
2017;JUTIAPA;COMAPA;40a a 49 años;Masculino;2
2017;JUTIAPA;COMAPA;50a a 59 años;Femenino;2
2017;JUTIAPA;COMAPA;50a a 59 años;Masculino;2
2017;JUTIAPA;COMAPA;60a a 64 años;Masculino;1
2017;JUTIAPA;CONGUACO;1a a 4 años;Femenino;1
2017;JUTIAPA;CONGUACO;10a  a 14 años;Femenino;1
2017;JUTIAPA;CONGUACO;15a  a 19 años;Masculino;1
2017;JUTIAPA;CONGUACO;25a a 39 años;Masculino;1
2017;JUTIAPA;CONGUACO;40a a 49 años;Masculino;2
2017;JUTIAPA;EL PROGRESO;1a a 4 años;Femenino;1
2017;JUTIAPA;EL PROGRESO;10a  a 14 años;Masculino;1
2017;JUTIAPA;EL PROGRESO;15a  a 19 años;Femenino;6
2017;JUTIAPA;EL PROGRESO;15a  a 19 años;Masculino;2
2017;JUTIAPA;EL PROGRESO;20a a 24 años;Femenino;7
2017;JUTIAPA;EL PROGRESO;20a a 24 años;Masculino;2
2017;JUTIAPA;EL PROGRESO;25a a 39 años;Femenino;9
2017;JUTIAPA;EL PROGRESO;25a a 39 años;Masculino;2
2017;JUTIAPA;EL PROGRESO;40a a 49 años;Femenino;2
2017;JUTIAPA;EL PROGRESO;40a a 49 años;Masculino;1
2017;JUTIAPA;EL PROGRESO;50a a 59 años;Femenino;2
2017;JUTIAPA;EL PROGRESO;50a a 59 años;Masculino;1
2017;JUTIAPA;EL PROGRESO;60a a 64 años;Femenino;1
2017;JUTIAPA;EL PROGRESO;60a a 64 años;Masculino;2
2017;JUTIAPA;EL PROGRESO;70a+;Femenino;1
2017;JUTIAPA;JALPATAGUA;50a a 59 años;Masculino;1
2017;JUTIAPA;JUTIAPA;20a a 24 años;Femenino;1
2017;JUTIAPA;JUTIAPA;25a a 39 años;Femenino;5
2017;JUTIAPA;JUTIAPA;25a a 39 años;Masculino;1
2017;JUTIAPA;JUTIAPA;40a a 49 años;Femenino;6
2017;JUTIAPA;JUTIAPA;40a a 49 años;Masculino;1
2017;JUTIAPA;JUTIAPA;50a a 59 años;Femenino;2
2017;JUTIAPA;JUTIAPA;50a a 59 años;Masculino;1
2017;JUTIAPA;JUTIAPA;60a a 64 años;Femenino;4
2017;JUTIAPA;JUTIAPA;60a a 64 años;Masculino;1
2017;JUTIAPA;QUEZADA;1a a 4 años;Femenino;1
2017;JUTIAPA;QUEZADA;1a a 4 años;Masculino;1
2017;JUTIAPA;QUEZADA;20a a 24 años;Masculino;1
2017;JUTIAPA;QUEZADA;25a a 39 años;Femenino;1
2017;JUTIAPA;QUEZADA;25a a 39 años;Masculino;5
2017;JUTIAPA;QUEZADA;40a a 49 años;Masculino;1
2017;JUTIAPA;SANTA CATARINA MITA;25a a 39 años;Femenino;1
2017;JUTIAPA;SANTA CATARINA MITA;25a a 39 años;Masculino;1
2017;QUICHE;SAN MIGUEL USPANTÁN;40a a 49 años;Masculino;1
2017;SANTA ROSA;CUILAPA;25a a 39 años;Masculino;2
2017;SANTA ROSA;CUILAPA;40a a 49 años;Masculino;2
2017;SANTA ROSA;CUILAPA;50a a 59 años;Masculino;2
2017;SANTA ROSA;PUEBLO NUEVO VIÑAS;40a a 49 años;Femenino;1
2017;ZACAPA;TECULUTÁN;50a a 59 años;Masculino;2
2017;ZACAPA;ZACAPA;25a a 39 años;Masculino;1
2017;ZACAPA;ZACAPA;40a a 49 años;Femenino;1
2017;ZACAPA;ZACAPA;70a+;Femenino;1
2018;ALTA VERAPAZ;CHAHAL;25a a 39 años;Masculino;1
2018;BAJA VERAPAZ;SALAMÁ;10a  a 14 años;Femenino;1
2018;BAJA VERAPAZ;SALAMÁ;25a a 39 años;Femenino;1
2018;CHIQUIMULA;CAMOTÁN;20a a 24 años;Femenino;3
2018;CHIQUIMULA;CAMOTÁN;25a a 39 años;Femenino;7
2018;CHIQUIMULA;CAMOTÁN;50a a 59 años;Femenino;3
2018;CHIQUIMULA;CAMOTÁN;60a a 64 años;Femenino;1
2018;CHIQUIMULA;CAMOTÁN;60a a 64 años;Masculino;2
2018;CHIQUIMULA;CAMOTÁN;70a+;Masculino;1
2018;CHIQUIMULA;CHIQUIMULA;15a  a 19 años;Femenino;1
2018;CHIQUIMULA;CHIQUIMULA;20a a 24 años;Femenino;2
2018;CHIQUIMULA;CHIQUIMULA;25a a 39 años;Femenino;6
2018;CHIQUIMULA;CHIQUIMULA;40a a 49 años;Femenino;1
2018;CHIQUIMULA;CHIQUIMULA;50a a 59 años;Femenino;3
2018;CHIQUIMULA;CHIQUIMULA;50a a 59 años;Masculino;3
2018;CHIQUIMULA;CHIQUIMULA;60a a 64 años;Femenino;1
2018;CHIQUIMULA;CHIQUIMULA;70a+;Femenino;2
2018;CHIQUIMULA;CHIQUIMULA;70a+;Masculino;2
2018;CHIQUIMULA;ESQUIPULAS;20a a 24 años;Femenino;2
2018;CHIQUIMULA;ESQUIPULAS;25a a 39 años;Femenino;4
2018;CHIQUIMULA;ESQUIPULAS;40a a 49 años;Femenino;1
2018;CHIQUIMULA;ESQUIPULAS;50a a 59 años;Femenino;3
2018;CHIQUIMULA;ESQUIPULAS;70a+;Masculino;1
2018;CHIQUIMULA;IPALA;20a a 24 años;Femenino;1
2018;CHIQUIMULA;IPALA;40a a 49 años;Femenino;1
2018;CHIQUIMULA;IPALA;70a+;Masculino;1
2018;CHIQUIMULA;JOCOTÁN;10a  a 14 años;Masculino;1
2018;CHIQUIMULA;JOCOTÁN;20a a 24 años;Femenino;2
2018;CHIQUIMULA;JOCOTÁN;25a a 39 años;Femenino;16
2018;CHIQUIMULA;JOCOTÁN;40a a 49 años;Femenino;1
2018;CHIQUIMULA;JOCOTÁN;70a+;Masculino;1
2018;CHIQUIMULA;OLOPA;5a a 9 años;Masculino;1
2018;CHIQUIMULA;OLOPA;15a  a 19 años;Masculino;2
2018;CHIQUIMULA;OLOPA;20a a 24 años;Femenino;4
2018;CHIQUIMULA;OLOPA;25a a 39 años;Femenino;20
2018;CHIQUIMULA;OLOPA;40a a 49 años;Femenino;10
2018;CHIQUIMULA;OLOPA;40a a 49 años;Masculino;1
2018;CHIQUIMULA;OLOPA;50a a 59 años;Femenino;11
2018;CHIQUIMULA;OLOPA;50a a 59 años;Masculino;1
2018;CHIQUIMULA;OLOPA;60a a 64 años;Femenino;6
2018;CHIQUIMULA;OLOPA;65a a 69 años;Femenino;3
2018;CHIQUIMULA;OLOPA;70a+;Femenino;2
2018;CHIQUIMULA;QUETZALTEPEQUE;20a a 24 años;Femenino;2
2018;CHIQUIMULA;QUETZALTEPEQUE;25a a 39 años;Femenino;9
2018;CHIQUIMULA;QUETZALTEPEQUE;25a a 39 años;Masculino;1
2018;CHIQUIMULA;QUETZALTEPEQUE;40a a 49 años;Femenino;2
2018;CHIQUIMULA;QUETZALTEPEQUE;40a a 49 años;Masculino;1
2018;CHIQUIMULA;QUETZALTEPEQUE;50a a 59 años;Femenino;2
2018;CHIQUIMULA;QUETZALTEPEQUE;60a a 64 años;Femenino;3
2018;CHIQUIMULA;QUETZALTEPEQUE;65a a 69 años;Femenino;1
2018;CHIQUIMULA;QUETZALTEPEQUE;65a a 69 años;Masculino;1
2018;CHIQUIMULA;QUETZALTEPEQUE;70a+;Femenino;3
2018;CHIQUIMULA;QUETZALTEPEQUE;70a+;Masculino;2
2018;CHIQUIMULA;SAN JACINTO;25a a 39 años;Femenino;2
2018;CHIQUIMULA;SAN JACINTO;25a a 39 años;Masculino;1
2018;CHIQUIMULA;SAN JUAN LA ERMITA;70a+;Femenino;1
2018;CHIQUIMULA;SAN JUAN LA ERMITA;70a+;Masculino;1
2018;EL PROGRESO;SAN AGUSTÍN ACASAGUASTLÁN;25a a 39 años;Femenino;2
2018;EL PROGRESO;SAN AGUSTÍN ACASAGUASTLÁN;50a a 59 años;Femenino;1
2018;EL PROGRESO;SAN AGUSTÍN ACASAGUASTLÁN;50a a 59 años;Masculino;1
2018;EL PROGRESO;SAN AGUSTÍN ACASAGUASTLÁN;60a a 64 años;Femenino;1
2018;EL PROGRESO;SAN CRISTÓBAL ACASAGUASTLÁN;25a a 39 años;Femenino;1
2018;EL PROGRESO;SAN CRISTÓBAL ACASAGUASTLÁN;40a a 49 años;Femenino;2
2018;EL PROGRESO;SAN CRISTÓBAL ACASAGUASTLÁN;60a a 64 años;Femenino;3
2018;EL PROGRESO;SAN CRISTÓBAL ACASAGUASTLÁN;65a a 69 años;Femenino;1
2018;EL PROGRESO;SAN CRISTÓBAL ACASAGUASTLÁN;65a a 69 años;Masculino;2
2018;EL PROGRESO;SAN CRISTÓBAL ACASAGUASTLÁN;70a+;Femenino;1
2018;ESCUINTLA;PUERTO DE SAN JOSÉ;25a a 39 años;Masculino;1
2018;GUATEMALA;SAN MIGUEL PETAPA;50a a 59 años;Femenino;1
2018;GUATEMALA;VILLA NUEVA;1a a 4 años;Femenino;1
2018;GUATEMALA;VILLA NUEVA;1a a 4 años;Masculino;1
2018;GUATEMALA;VILLA NUEVA;5a a 9 años;Femenino;1
2018;GUATEMALA;VILLA NUEVA;25a a 39 años;Femenino;2
2018;GUATEMALA;VILLA NUEVA;40a a 49 años;Femenino;1
2018;IZABAL;PUERTO BARRIOS;25a a 39 años;Masculino;1
2018;IZABAL;PUERTO BARRIOS;40a a 49 años;Masculino;1
2018;JALAPA;JALAPA;25a a 39 años;Femenino;1
2018;JALAPA;JALAPA;25a a 39 años;Masculino;1
2018;JALAPA;SAN MANUEL CHAPARRÓN;25a a 39 años;Masculino;2
2018;JUTIAPA;AGUA BLANCA;25a a 39 años;Masculino;1
2018;JUTIAPA;ASUNCIÓN MITA;25a a 39 años;Masculino;1
2018;JUTIAPA;ASUNCIÓN MITA;50a a 59 años;Femenino;1
2018;JUTIAPA;ASUNCIÓN MITA;50a a 59 años;Masculino;9
2018;JUTIAPA;ASUNCIÓN MITA;60a a 64 años;Femenino;1
2018;JUTIAPA;COMAPA;2m a < 1 año;Femenino;1
2018;JUTIAPA;COMAPA;5a a 9 años;Femenino;2
2018;JUTIAPA;COMAPA;5a a 9 años;Masculino;1
2018;JUTIAPA;COMAPA;10a  a 14 años;Femenino;3
2018;JUTIAPA;COMAPA;10a  a 14 años;Masculino;2
2018;JUTIAPA;COMAPA;15a  a 19 años;Femenino;2
2018;JUTIAPA;COMAPA;15a  a 19 años;Masculino;2
2018;JUTIAPA;COMAPA;20a a 24 años;Femenino;8
2018;JUTIAPA;COMAPA;20a a 24 años;Masculino;6
2018;JUTIAPA;COMAPA;25a a 39 años;Femenino;23
2018;JUTIAPA;COMAPA;25a a 39 años;Masculino;20
2018;JUTIAPA;COMAPA;40a a 49 años;Femenino;13
2018;JUTIAPA;COMAPA;40a a 49 años;Masculino;2
2018;JUTIAPA;COMAPA;50a a 59 años;Femenino;4
2018;JUTIAPA;COMAPA;50a a 59 años;Masculino;3
2018;JUTIAPA;COMAPA;60a a 64 años;Masculino;1
2018;JUTIAPA;COMAPA;65a a 69 años;Masculino;1
2018;JUTIAPA;COMAPA;70a+;Femenino;1
2018;JUTIAPA;COMAPA;70a+;Masculino;1
2018;JUTIAPA;EL ADELANTO;5a a 9 años;Femenino;1
2018;JUTIAPA;EL ADELANTO;10a  a 14 años;Femenino;1
2018;JUTIAPA;EL ADELANTO;20a a 24 años;Femenino;3
2018;JUTIAPA;EL ADELANTO;25a a 39 años;Femenino;4
2018;JUTIAPA;EL ADELANTO;40a a 49 años;Femenino;1
2018;JUTIAPA;JALPATAGUA;50a a 59 años;Femenino;2
2018;JUTIAPA;JALPATAGUA;50a a 59 años;Masculino;1
2018;JUTIAPA;JALPATAGUA;60a a 64 años;Masculino;4
2018;JUTIAPA;JALPATAGUA;65a a 69 años;Masculino;2
2018;JUTIAPA;JUTIAPA;25a a 39 años;Femenino;6
2018;JUTIAPA;QUEZADA;25a a 39 años;Masculino;1
2018;JUTIAPA;SANTA CATARINA MITA;25a a 39 años;Femenino;1
2018;SANTA ROSA;CUILAPA;25a a 39 años;Masculino;1
2018;SANTA ROSA;CUILAPA;50a a 59 años;Masculino;1
2018;ZACAPA;CABAÑAS;50a a 59 años;Masculino;1
2018;ZACAPA;SAN DIEGO;60a a 64 años;Femenino;1
2018;ZACAPA;TECULUTÁN;25a a 39 años;Masculino;2
2018;ZACAPA;TECULUTÁN;40a a 49 años;Femenino;1
2018;ZACAPA;TECULUTÁN;50a a 59 años;Masculino;1
2018;ZACAPA;ZACAPA;50a a 59 años;Masculino;2
2018;ZACAPA;ZACAPA;60a a 64 años;Masculino;2
2018;ZACAPA;ZACAPA;65a a 69 años;Femenino;2
2018;ZACAPA;ZACAPA;70a+;Femenino;3
2018;ZACAPA;ZACAPA;70a+;Masculino;4
2019;BAJA VERAPAZ;CUBULCO;10a  a 14 años;Masculino;1
2019;BAJA VERAPAZ;GRANADOS;25a a 39 años;Femenino;2
2019;BAJA VERAPAZ;GRANADOS;70a+;Femenino;1
2019;BAJA VERAPAZ;SALAMÁ;50a a 59 años;Masculino;1
2019;BAJA VERAPAZ;SALAMÁ;65a a 69 años;Masculino;1
2019;CHIQUIMULA;CAMOTÁN;2m a < 1 año;Femenino;1
2019;CHIQUIMULA;CAMOTÁN;15a  a 19 años;Femenino;3
2019;CHIQUIMULA;CAMOTÁN;20a a 24 años;Femenino;9
2019;CHIQUIMULA;CAMOTÁN;25a a 39 años;Femenino;34
2019;CHIQUIMULA;CAMOTÁN;25a a 39 años;Masculino;1
2019;CHIQUIMULA;CAMOTÁN;40a a 49 años;Femenino;7
2019;CHIQUIMULA;CAMOTÁN;40a a 49 años;Masculino;4
2019;CHIQUIMULA;CAMOTÁN;50a a 59 años;Femenino;1
2019;CHIQUIMULA;CAMOTÁN;60a a 64 años;Femenino;2
2019;CHIQUIMULA;CAMOTÁN;65a a 69 años;Masculino;1
2019;CHIQUIMULA;CAMOTÁN;70a+;Femenino;2
2019;CHIQUIMULA;CAMOTÁN;70a+;Masculino;2
2019;CHIQUIMULA;CHIQUIMULA;10a  a 14 años;Masculino;2
2019;CHIQUIMULA;CHIQUIMULA;15a  a 19 años;Femenino;1
2019;CHIQUIMULA;CHIQUIMULA;20a a 24 años;Femenino;14
2019;CHIQUIMULA;CHIQUIMULA;25a a 39 años;Femenino;35
2019;CHIQUIMULA;CHIQUIMULA;40a a 49 años;Femenino;12
2019;CHIQUIMULA;CHIQUIMULA;40a a 49 años;Masculino;1
2019;CHIQUIMULA;CHIQUIMULA;50a a 59 años;Femenino;6
2019;CHIQUIMULA;CHIQUIMULA;50a a 59 años;Masculino;7
2019;CHIQUIMULA;CHIQUIMULA;60a a 64 años;Femenino;1
2019;CHIQUIMULA;CHIQUIMULA;65a a 69 años;Femenino;2
2019;CHIQUIMULA;CHIQUIMULA;65a a 69 años;Masculino;1
2019;CHIQUIMULA;CHIQUIMULA;70a+;Masculino;1
2019;CHIQUIMULA;CONCEPCIÓN LAS MINAS;5a a 9 años;Femenino;1
2019;CHIQUIMULA;CONCEPCIÓN LAS MINAS;10a  a 14 años;Femenino;1
2019;CHIQUIMULA;CONCEPCIÓN LAS MINAS;25a a 39 años;Masculino;1
2019;CHIQUIMULA;CONCEPCIÓN LAS MINAS;60a a 64 años;Femenino;1
2019;CHIQUIMULA;ESQUIPULAS;20a a 24 años;Femenino;2
2019;CHIQUIMULA;ESQUIPULAS;25a a 39 años;Femenino;6
2019;CHIQUIMULA;ESQUIPULAS;40a a 49 años;Femenino;4
2019;CHIQUIMULA;ESQUIPULAS;50a a 59 años;Femenino;3
2019;CHIQUIMULA;ESQUIPULAS;60a a 64 años;Femenino;1
2019;CHIQUIMULA;ESQUIPULAS;60a a 64 años;Masculino;1
2019;CHIQUIMULA;IPALA;15a  a 19 años;Femenino;1
2019;CHIQUIMULA;IPALA;50a a 59 años;Femenino;1
2019;CHIQUIMULA;IPALA;60a a 64 años;Femenino;1
2019;CHIQUIMULA;IPALA;65a a 69 años;Masculino;1
2019;CHIQUIMULA;JOCOTÁN;15a  a 19 años;Femenino;1
2019;CHIQUIMULA;JOCOTÁN;20a a 24 años;Femenino;5
2019;CHIQUIMULA;JOCOTÁN;25a a 39 años;Femenino;26
2019;CHIQUIMULA;JOCOTÁN;25a a 39 años;Masculino;2
2019;CHIQUIMULA;JOCOTÁN;40a a 49 años;Femenino;3
2019;CHIQUIMULA;JOCOTÁN;40a a 49 años;Masculino;7
2019;CHIQUIMULA;JOCOTÁN;50a a 59 años;Femenino;3
2019;CHIQUIMULA;JOCOTÁN;50a a 59 años;Masculino;4
2019;CHIQUIMULA;JOCOTÁN;60a a 64 años;Masculino;1
2019;CHIQUIMULA;JOCOTÁN;65a a 69 años;Femenino;1
2019;CHIQUIMULA;JOCOTÁN;70a+;Femenino;1
2019;CHIQUIMULA;JOCOTÁN;70a+;Masculino;4
2019;CHIQUIMULA;OLOPA;25a a 39 años;Femenino;16
2019;CHIQUIMULA;OLOPA;40a a 49 años;Femenino;5
2019;CHIQUIMULA;OLOPA;40a a 49 años;Masculino;1
2019;CHIQUIMULA;OLOPA;65a a 69 años;Masculino;1
2019;CHIQUIMULA;OLOPA;70a+;Masculino;1
2019;CHIQUIMULA;QUETZALTEPEQUE;5a a 9 años;Masculino;1
2019;CHIQUIMULA;QUETZALTEPEQUE;25a a 39 años;Femenino;12
2019;CHIQUIMULA;QUETZALTEPEQUE;25a a 39 años;Masculino;2
2019;CHIQUIMULA;QUETZALTEPEQUE;40a a 49 años;Femenino;1
2019;CHIQUIMULA;QUETZALTEPEQUE;40a a 49 años;Masculino;1
2019;CHIQUIMULA;QUETZALTEPEQUE;50a a 59 años;Masculino;3
2019;CHIQUIMULA;QUETZALTEPEQUE;60a a 64 años;Masculino;1
2019;CHIQUIMULA;QUETZALTEPEQUE;65a a 69 años;Femenino;2
2019;CHIQUIMULA;QUETZALTEPEQUE;70a+;Femenino;1
2019;CHIQUIMULA;QUETZALTEPEQUE;70a+;Masculino;1
2019;CHIQUIMULA;SAN JACINTO;25a a 39 años;Femenino;4
2019;CHIQUIMULA;SAN JACINTO;50a a 59 años;Femenino;1
2019;CHIQUIMULA;SAN JACINTO;65a a 69 años;Masculino;1
2019;CHIQUIMULA;SAN JACINTO;70a+;Masculino;1
2019;CHIQUIMULA;SAN JOSÉ LA ARADA;25a a 39 años;Femenino;2
2019;CHIQUIMULA;SAN JOSÉ LA ARADA;40a a 49 años;Femenino;3
2019;CHIQUIMULA;SAN JUAN LA ERMITA;20a a 24 años;Femenino;1
2019;CHIQUIMULA;SAN JUAN LA ERMITA;25a a 39 años;Femenino;8
2019;CHIQUIMULA;SAN JUAN LA ERMITA;40a a 49 años;Femenino;1
2019;CHIQUIMULA;SAN JUAN LA ERMITA;50a a 59 años;Femenino;2
2019;CHIQUIMULA;SAN JUAN LA ERMITA;50a a 59 años;Masculino;3
2019;CHIQUIMULA;SAN JUAN LA ERMITA;60a a 64 años;Femenino;1
2019;CHIQUIMULA;SAN JUAN LA ERMITA;70a+;Femenino;1
2019;CHIQUIMULA;SAN JUAN LA ERMITA;70a+;Masculino;1
2019;EL PETEN;FLORES;25a a 39 años;Femenino;1
2019;EL PETEN;FLORES;25a a 39 años;Masculino;2
2019;EL PETEN;FLORES;40a a 49 años;Masculino;4
2019;EL PETEN;FLORES;50a a 59 años;Femenino;1
2019;EL PETEN;FLORES;50a a 59 años;Masculino;1
2019;EL PETEN;LA LIBERTAD;25a a 39 años;Masculino;1
2019;EL PETEN;LAS CRUCES;50a a 59 años;Masculino;1
2019;EL PETEN;POPTÚN;25a a 39 años;Masculino;1
2019;EL PROGRESO;SAN AGUSTÍN ACASAGUASTLÁN;50a a 59 años;Masculino;2
2019;EL PROGRESO;SANARATE;50a a 59 años;Masculino;1
2019;EL PROGRESO;SAN CRISTÓBAL ACASAGUASTLÁN;60a a 64 años;Femenino;1
2019;GUATEMALA;GUATEMALA;40a a 49 años;Femenino;1
2019;GUATEMALA;MIXCO;25a a 39 años;Femenino;1
2019;GUATEMALA;VILLA NUEVA;1a a 4 años;Masculino;1
2019;GUATEMALA;VILLA NUEVA;25a a 39 años;Masculino;1
2019;IZABAL;MORALES;50a a 59 años;Femenino;2
2019;IZABAL;MORALES;70a+;Femenino;1
2019;JALAPA;SAN LUIS JILOTEPEQUE;25a a 39 años;Femenino;1
2019;JUTIAPA;AGUA BLANCA;25a a 39 años;Masculino;1
2019;JUTIAPA;ASUNCIÓN MITA;40a a 49 años;Femenino;1
2019;JUTIAPA;ATESCATEMPA;25a a 39 años;Masculino;3
2019;JUTIAPA;COMAPA;5a a 9 años;Femenino;1
2019;JUTIAPA;COMAPA;10a  a 14 años;Femenino;1
2019;JUTIAPA;COMAPA;10a  a 14 años;Masculino;1
2019;JUTIAPA;COMAPA;15a  a 19 años;Femenino;3
2019;JUTIAPA;COMAPA;15a  a 19 años;Masculino;1
2019;JUTIAPA;COMAPA;20a a 24 años;Femenino;5
2019;JUTIAPA;COMAPA;25a a 39 años;Femenino;23
2019;JUTIAPA;COMAPA;25a a 39 años;Masculino;2
2019;JUTIAPA;COMAPA;40a a 49 años;Femenino;12
2019;JUTIAPA;COMAPA;40a a 49 años;Masculino;2
2019;JUTIAPA;COMAPA;50a a 59 años;Femenino;5
2019;JUTIAPA;COMAPA;50a a 59 años;Masculino;5
2019;JUTIAPA;COMAPA;60a a 64 años;Femenino;1
2019;JUTIAPA;COMAPA;60a a 64 años;Masculino;2
2019;JUTIAPA;COMAPA;65a a 69 años;Femenino;1
2019;JUTIAPA;COMAPA;70a+;Femenino;1
2019;JUTIAPA;CONGUACO;20a a 24 años;Femenino;1
2019;JUTIAPA;CONGUACO;20a a 24 años;Masculino;1
2019;JUTIAPA;CONGUACO;25a a 39 años;Femenino;1
2019;JUTIAPA;CONGUACO;50a a 59 años;Femenino;2
2019;JUTIAPA;CONGUACO;50a a 59 años;Masculino;2
2019;JUTIAPA;EL ADELANTO;20a a 24 años;Femenino;1
2019;JUTIAPA;EL ADELANTO;25a a 39 años;Femenino;3
2019;JUTIAPA;EL ADELANTO;40a a 49 años;Femenino;1
2019;JUTIAPA;EL PROGRESO;25a a 39 años;Femenino;1
2019;JUTIAPA;JALPATAGUA;25a a 39 años;Masculino;1
2019;JUTIAPA;JALPATAGUA;40a a 49 años;Femenino;1
2019;JUTIAPA;JALPATAGUA;60a a 64 años;Femenino;1
2019;JUTIAPA;JEREZ;50a a 59 años;Femenino;3
2019;JUTIAPA;JEREZ;65a a 69 años;Masculino;2
2019;JUTIAPA;JUTIAPA;10a  a 14 años;Masculino;1
2019;JUTIAPA;JUTIAPA;25a a 39 años;Femenino;2
2019;JUTIAPA;JUTIAPA;25a a 39 años;Masculino;1
2019;JUTIAPA;JUTIAPA;40a a 49 años;Femenino;4
2019;JUTIAPA;JUTIAPA;40a a 49 años;Masculino;5
2019;JUTIAPA;JUTIAPA;50a a 59 años;Femenino;7
2019;JUTIAPA;JUTIAPA;60a a 64 años;Femenino;1
2019;JUTIAPA;JUTIAPA;65a a 69 años;Femenino;2
2019;JUTIAPA;JUTIAPA;70a+;Femenino;1
2019;JUTIAPA;ZAPOTITLÁN;40a a 49 años;Femenino;2
2019;SANTA ROSA;CUILAPA;20a a 24 años;Femenino;1
2019;SANTA ROSA;CUILAPA;40a a 49 años;Femenino;1
2019;SOLOLA;SANTA CATARINA IXTAHUACÁN;5a a 9 años;Femenino;1
2019;ZACAPA;GUALÁN;70a+;Femenino;1
2019;ZACAPA;SAN JORGE;15a  a 19 años;Masculino;1
2019;ZACAPA;SAN JORGE;25a a 39 años;Masculino;1
2019;ZACAPA;TECULUTÁN;1a a 4 años;Femenino;1
2019;ZACAPA;TECULUTÁN;25a a 39 años;Femenino;1
2019;ZACAPA;TECULUTÁN;50a a 59 años;Masculino;1
2019;ZACAPA;USUMATLÁN;60a a 64 años;Femenino;1
2020;ALTA VERAPAZ;COBÁN;40a a 49 años;Masculino;1
2020;CHIQUIMULA;CAMOTÁN;20a a 24 años;Femenino;2
2020;CHIQUIMULA;CAMOTÁN;25a a 39 años;Femenino;8
2020;CHIQUIMULA;CAMOTÁN;25a a 39 años;Masculino;2
2020;CHIQUIMULA;CAMOTÁN;40a a 49 años;Femenino;1
2020;CHIQUIMULA;CAMOTÁN;50a a 59 años;Femenino;1
2020;CHIQUIMULA;CAMOTÁN;60a a 64 años;Masculino;1
2020;CHIQUIMULA;CAMOTÁN;65a a 69 años;Femenino;1
2020;CHIQUIMULA;CHIQUIMULA;20a a 24 años;Femenino;1
2020;CHIQUIMULA;CHIQUIMULA;25a a 39 años;Femenino;7
2020;CHIQUIMULA;CHIQUIMULA;40a a 49 años;Femenino;4
2020;CHIQUIMULA;CHIQUIMULA;50a a 59 años;Femenino;1
2020;CHIQUIMULA;CHIQUIMULA;50a a 59 años;Masculino;1
2020;CHIQUIMULA;CHIQUIMULA;60a a 64 años;Masculino;1
2020;CHIQUIMULA;CHIQUIMULA;65a a 69 años;Masculino;2
2020;CHIQUIMULA;CONCEPCIÓN LAS MINAS;20a a 24 años;Masculino;1
2020;CHIQUIMULA;CONCEPCIÓN LAS MINAS;25a a 39 años;Femenino;1
2020;CHIQUIMULA;CONCEPCIÓN LAS MINAS;60a a 64 años;Masculino;1
2020;CHIQUIMULA;ESQUIPULAS;20a a 24 años;Femenino;5
2020;CHIQUIMULA;ESQUIPULAS;25a a 39 años;Femenino;9
2020;CHIQUIMULA;ESQUIPULAS;25a a 39 años;Masculino;1
2020;CHIQUIMULA;ESQUIPULAS;40a a 49 años;Femenino;3
2020;CHIQUIMULA;ESQUIPULAS;50a a 59 años;Femenino;2
2020;CHIQUIMULA;ESQUIPULAS;50a a 59 años;Masculino;3
2020;CHIQUIMULA;ESQUIPULAS;70a+;Masculino;2
2020;CHIQUIMULA;IPALA;15a  a 19 años;Femenino;1
2020;CHIQUIMULA;JOCOTÁN;15a  a 19 años;Femenino;2
2020;CHIQUIMULA;JOCOTÁN;20a a 24 años;Femenino;8
2020;CHIQUIMULA;JOCOTÁN;25a a 39 años;Femenino;33
2020;CHIQUIMULA;JOCOTÁN;40a a 49 años;Femenino;4
2020;CHIQUIMULA;JOCOTÁN;40a a 49 años;Masculino;1
2020;CHIQUIMULA;JOCOTÁN;50a a 59 años;Femenino;1
2020;CHIQUIMULA;JOCOTÁN;60a a 64 años;Masculino;1
2020;CHIQUIMULA;JOCOTÁN;65a a 69 años;Masculino;1
2020;CHIQUIMULA;JOCOTÁN;70a+;Masculino;2
2020;CHIQUIMULA;OLOPA;25a a 39 años;Femenino;1
2020;CHIQUIMULA;OLOPA;50a a 59 años;Masculino;1
2020;CHIQUIMULA;QUETZALTEPEQUE;25a a 39 años;Femenino;4
2020;CHIQUIMULA;QUETZALTEPEQUE;40a a 49 años;Femenino;1
2020;CHIQUIMULA;QUETZALTEPEQUE;70a+;Masculino;2
2020;CHIQUIMULA;SAN JACINTO;25a a 39 años;Femenino;3
2020;CHIQUIMULA;SAN JOSÉ LA ARADA;25a a 39 años;Femenino;1
2020;CHIQUIMULA;SAN JOSÉ LA ARADA;40a a 49 años;Femenino;3
2020;CHIQUIMULA;SAN JOSÉ LA ARADA;60a a 64 años;Femenino;1
2020;CHIQUIMULA;SAN JUAN LA ERMITA;25a a 39 años;Femenino;2
2020;CHIQUIMULA;SAN JUAN LA ERMITA;40a a 49 años;Femenino;1
2020;CHIQUIMULA;SAN JUAN LA ERMITA;50a a 59 años;Femenino;1
2020;CHIQUIMULA;SAN JUAN LA ERMITA;65a a 69 años;Femenino;1
2020;EL PETEN;DOLORES;25a a 39 años;Masculino;1
2020;EL PETEN;FLORES;20a a 24 años;Femenino;2
2020;EL PETEN;POPTÚN;20a a 24 años;Masculino;1
2020;EL PROGRESO;SAN AGUSTÍN ACASAGUASTLÁN;50a a 59 años;Femenino;1
2020;ESCUINTLA;GUANAGAZAPA;50a a 59 años;Femenino;1
2020;ESCUINTLA;PALÍN;5a a 9 años;Femenino;1
2020;GUATEMALA;MIXCO;1a a 4 años;Femenino;1
2020;GUATEMALA;MIXCO;25a a 39 años;Femenino;2
2020;GUATEMALA;VILLA NUEVA;25a a 39 años;Masculino;2
2020;GUATEMALA;VILLA NUEVA;40a a 49 años;Femenino;3
2020;IZABAL;MORALES;50a a 59 años;Masculino;1
2020;JALAPA;SAN PEDRO PINULA;20a a 24 años;Femenino;1
2020;JALAPA;SAN PEDRO PINULA;25a a 39 años;Femenino;2
2020;JALAPA;SAN PEDRO PINULA;40a a 49 años;Femenino;1
2020;JALAPA;SAN PEDRO PINULA;40a a 49 años;Masculino;2
2020;JALAPA;SAN PEDRO PINULA;50a a 59 años;Femenino;1
2020;JALAPA;SAN PEDRO PINULA;50a a 59 años;Masculino;2
2020;JALAPA;SAN PEDRO PINULA;60a a 64 años;Femenino;3
2020;JALAPA;SAN PEDRO PINULA;70a+;Femenino;4
2020;JALAPA;SAN PEDRO PINULA;70a+;Masculino;6
2020;JUTIAPA;ASUNCIÓN MITA;50a a 59 años;Femenino;1
2020;JUTIAPA;ATESCATEMPA;40a a 49 años;Masculino;1
2020;JUTIAPA;COMAPA;1a a 4 años;Femenino;2
2020;JUTIAPA;COMAPA;5a a 9 años;Femenino;1
2020;JUTIAPA;COMAPA;10a  a 14 años;Femenino;2
2020;JUTIAPA;COMAPA;10a  a 14 años;Masculino;2
2020;JUTIAPA;COMAPA;20a a 24 años;Femenino;5
2020;JUTIAPA;COMAPA;20a a 24 años;Masculino;2
2020;JUTIAPA;COMAPA;25a a 39 años;Femenino;19
2020;JUTIAPA;COMAPA;25a a 39 años;Masculino;3
2020;JUTIAPA;COMAPA;40a a 49 años;Femenino;14
2020;JUTIAPA;COMAPA;40a a 49 años;Masculino;3
2020;JUTIAPA;COMAPA;50a a 59 años;Femenino;6
2020;JUTIAPA;COMAPA;50a a 59 años;Masculino;2
2020;JUTIAPA;COMAPA;60a a 64 años;Femenino;2
2020;JUTIAPA;COMAPA;60a a 64 años;Masculino;5
2020;JUTIAPA;COMAPA;65a a 69 años;Femenino;2
2020;JUTIAPA;COMAPA;65a a 69 años;Masculino;1
2020;JUTIAPA;COMAPA;70a+;Masculino;1
2020;JUTIAPA;CONGUACO;25a a 39 años;Femenino;1
2020;JUTIAPA;CONGUACO;50a a 59 años;Femenino;1
2020;JUTIAPA;CONGUACO;60a a 64 años;Masculino;1
2020;JUTIAPA;EL ADELANTO;20a a 24 años;Femenino;1
2020;JUTIAPA;EL ADELANTO;25a a 39 años;Femenino;1
2020;JUTIAPA;EL PROGRESO;50a a 59 años;Masculino;1
2020;JUTIAPA;JALPATAGUA;25a a 39 años;Femenino;1
2020;JUTIAPA;JALPATAGUA;40a a 49 años;Masculino;4
2020;JUTIAPA;JEREZ;25a a 39 años;Femenino;1
2020;JUTIAPA;JEREZ;50a a 59 años;Femenino;1
2020;JUTIAPA;JEREZ;60a a 64 años;Femenino;1
2020;JUTIAPA;JUTIAPA;10a  a 14 años;Femenino;1
2020;JUTIAPA;JUTIAPA;25a a 39 años;Femenino;7
2020;JUTIAPA;JUTIAPA;40a a 49 años;Femenino;2
2020;JUTIAPA;JUTIAPA;40a a 49 años;Masculino;5
2020;JUTIAPA;JUTIAPA;50a a 59 años;Femenino;1
2020;JUTIAPA;JUTIAPA;50a a 59 años;Masculino;2
2020;JUTIAPA;PASACO;60a a 64 años;Femenino;1
2020;JUTIAPA;QUEZADA;50a a 59 años;Femenino;1
2020;JUTIAPA;QUEZADA;60a a 64 años;Femenino;1
2020;JUTIAPA;YUPILTEPEQUE;70a+;Masculino;1
2020;JUTIAPA;ZAPOTITLÁN;15a  a 19 años;Femenino;2
2020;JUTIAPA;ZAPOTITLÁN;25a a 39 años;Femenino;1
2020;JUTIAPA;ZAPOTITLÁN;40a a 49 años;Femenino;5
2020;JUTIAPA;ZAPOTITLÁN;50a a 59 años;Femenino;6
2020;ZACAPA;TECULUTÁN;50a a 59 años;Masculino;1
2020;ZACAPA;ZACAPA;25a a 39 años;Masculino;1
2020;ZACAPA;ZACAPA;70a+;Masculino;1
2021;ALTA VERAPAZ;COBÁN;15a  a 19 años;Masculino;1
2021;ALTA VERAPAZ;COBÁN;40a a 49 años;Masculino;4
2021;ALTA VERAPAZ;FRAY BARTOLOMÉ DE LAS CASAS;25a a 39 años;Masculino;1
2021;ALTA VERAPAZ;SAN CRISTÓBAL VERAPAZ;25a a 39 años;Femenino;1
2021;ALTA VERAPAZ;TACTIC;25a a 39 años;Femenino;1
2021;BAJA VERAPAZ;SALAMÁ;25a a 39 años;Masculino;1
2021;CHIQUIMULA;CAMOTÁN;20a a 24 años;Femenino;1
2021;CHIQUIMULA;CAMOTÁN;25a a 39 años;Femenino;3
2021;CHIQUIMULA;CAMOTÁN;25a a 39 años;Masculino;1
2021;CHIQUIMULA;CAMOTÁN;40a a 49 años;Masculino;2
2021;CHIQUIMULA;CHIQUIMULA;20a a 24 años;Femenino;1
2021;CHIQUIMULA;CHIQUIMULA;20a a 24 años;Masculino;2
2021;CHIQUIMULA;CHIQUIMULA;25a a 39 años;Femenino;3
2021;CHIQUIMULA;CHIQUIMULA;25a a 39 años;Masculino;2
2021;CHIQUIMULA;CHIQUIMULA;40a a 49 años;Femenino;3
2021;CHIQUIMULA;CHIQUIMULA;40a a 49 años;Masculino;4
2021;CHIQUIMULA;CHIQUIMULA;50a a 59 años;Femenino;1
2021;CHIQUIMULA;CHIQUIMULA;50a a 59 años;Masculino;2
2021;CHIQUIMULA;CHIQUIMULA;60a a 64 años;Femenino;1
2021;CHIQUIMULA;CHIQUIMULA;60a a 64 años;Masculino;1
2021;CHIQUIMULA;CHIQUIMULA;65a a 69 años;Femenino;3
2021;CHIQUIMULA;CHIQUIMULA;70a+;Masculino;2
2021;CHIQUIMULA;ESQUIPULAS;25a a 39 años;Femenino;5
2021;CHIQUIMULA;ESQUIPULAS;25a a 39 años;Masculino;3
2021;CHIQUIMULA;ESQUIPULAS;40a a 49 años;Femenino;1
2021;CHIQUIMULA;ESQUIPULAS;50a a 59 años;Masculino;1
2021;CHIQUIMULA;IPALA;25a a 39 años;Masculino;1
2021;CHIQUIMULA;JOCOTÁN;15a  a 19 años;Femenino;1
2021;CHIQUIMULA;JOCOTÁN;20a a 24 años;Masculino;1
2021;CHIQUIMULA;JOCOTÁN;25a a 39 años;Femenino;2
2021;CHIQUIMULA;JOCOTÁN;25a a 39 años;Masculino;5
2021;CHIQUIMULA;JOCOTÁN;40a a 49 años;Femenino;1
2021;CHIQUIMULA;JOCOTÁN;40a a 49 años;Masculino;2
2021;CHIQUIMULA;JOCOTÁN;50a a 59 años;Femenino;2
2021;CHIQUIMULA;JOCOTÁN;60a a 64 años;Femenino;1
2021;CHIQUIMULA;JOCOTÁN;70a+;Femenino;1
2021;CHIQUIMULA;OLOPA;20a a 24 años;Femenino;1
2021;CHIQUIMULA;OLOPA;25a a 39 años;Femenino;5
2021;CHIQUIMULA;OLOPA;40a a 49 años;Femenino;1
2021;CHIQUIMULA;OLOPA;50a a 59 años;Femenino;1
2021;CHIQUIMULA;OLOPA;70a+;Femenino;1
2021;CHIQUIMULA;QUETZALTEPEQUE;25a a 39 años;Femenino;1
2021;CHIQUIMULA;QUETZALTEPEQUE;40a a 49 años;Masculino;1
2021;CHIQUIMULA;QUETZALTEPEQUE;70a+;Masculino;1
2021;CHIQUIMULA;SAN JACINTO;40a a 49 años;Masculino;3
2021;CHIQUIMULA;SAN JACINTO;50a a 59 años;Masculino;1
2021;CHIQUIMULA;SAN JUAN LA ERMITA;25a a 39 años;Femenino;2
2021;CHIQUIMULA;SAN JUAN LA ERMITA;25a a 39 años;Masculino;1
2021;CHIQUIMULA;SAN JUAN LA ERMITA;50a a 59 años;Masculino;1
2021;CHIQUIMULA;SAN JUAN LA ERMITA;60a a 64 años;Masculino;1
2021;CHIQUIMULA;SAN JUAN LA ERMITA;65a a 69 años;Masculino;1
2021;CHIQUIMULA;SAN JUAN LA ERMITA;70a+;Masculino;1
2021;EL PETEN;LAS CRUCES;70a+;Masculino;1
2021;EL PETEN;POPTÚN;20a a 24 años;Femenino;1
2021;EL PROGRESO;GUASTATOYA;50a a 59 años;Masculino;1
2021;EL PROGRESO;MORAZÁN;15a  a 19 años;Femenino;1
2021;EL PROGRESO;MORAZÁN;20a a 24 años;Femenino;1
2021;EL PROGRESO;MORAZÁN;50a a 59 años;Masculino;1
2021;EL PROGRESO;SAN AGUSTÍN ACASAGUASTLÁN;25a a 39 años;Masculino;1
2021;EL PROGRESO;SAN AGUSTÍN ACASAGUASTLÁN;40a a 49 años;Masculino;2
2021;EL PROGRESO;SAN AGUSTÍN ACASAGUASTLÁN;50a a 59 años;Femenino;1
2021;EL PROGRESO;SAN ANTONIO LA PAZ;25a a 39 años;Femenino;1
2021;EL PROGRESO;SANARATE;50a a 59 años;Masculino;1
2021;ESCUINTLA;MASAGUA;40a a 49 años;Femenino;1
2021;ESCUINTLA;MASAGUA;60a a 64 años;Femenino;1
2021;GUATEMALA;GUATEMALA;1a a 4 años;Femenino;1
2021;GUATEMALA;GUATEMALA;25a a 39 años;Femenino;2
2021;GUATEMALA;GUATEMALA;50a a 59 años;Femenino;1
2021;GUATEMALA;GUATEMALA;50a a 59 años;Masculino;1
2021;GUATEMALA;VILLA NUEVA;20a a 24 años;Masculino;2
2021;IZABAL;LIVINGSTON;20a a 24 años;Masculino;1
2021;IZABAL;MORALES;25a a 39 años;Masculino;1
2021;IZABAL;MORALES;65a a 69 años;Masculino;1
2021;JUTIAPA;AGUA BLANCA;50a a 59 años;Femenino;2
2021;JUTIAPA;COMAPA;5a a 9 años;Femenino;1
2021;JUTIAPA;COMAPA;5a a 9 años;Masculino;3
2021;JUTIAPA;COMAPA;10a  a 14 años;Femenino;3
2021;JUTIAPA;COMAPA;10a  a 14 años;Masculino;2
2021;JUTIAPA;COMAPA;15a  a 19 años;Femenino;4
2021;JUTIAPA;COMAPA;15a  a 19 años;Masculino;1
2021;JUTIAPA;COMAPA;20a a 24 años;Femenino;3
2021;JUTIAPA;COMAPA;20a a 24 años;Masculino;1
2021;JUTIAPA;COMAPA;25a a 39 años;Femenino;32
2021;JUTIAPA;COMAPA;25a a 39 años;Masculino;17
2021;JUTIAPA;COMAPA;40a a 49 años;Femenino;24
2021;JUTIAPA;COMAPA;40a a 49 años;Masculino;19
2021;JUTIAPA;COMAPA;50a a 59 años;Femenino;17
2021;JUTIAPA;COMAPA;50a a 59 años;Masculino;14
2021;JUTIAPA;COMAPA;60a a 64 años;Femenino;4
2021;JUTIAPA;COMAPA;60a a 64 años;Masculino;8
2021;JUTIAPA;COMAPA;65a a 69 años;Femenino;6
2021;JUTIAPA;COMAPA;65a a 69 años;Masculino;3
2021;JUTIAPA;COMAPA;70a+;Femenino;2
2021;JUTIAPA;COMAPA;70a+;Masculino;4
2021;JUTIAPA;CONGUACO;10a  a 14 años;Femenino;1
2021;JUTIAPA;CONGUACO;20a a 24 años;Masculino;1
2021;JUTIAPA;CONGUACO;40a a 49 años;Femenino;3
2021;JUTIAPA;CONGUACO;40a a 49 años;Masculino;1
2021;JUTIAPA;CONGUACO;50a a 59 años;Femenino;1
2021;JUTIAPA;CONGUACO;70a+;Femenino;1
2021;JUTIAPA;CONGUACO;70a+;Masculino;1
2021;JUTIAPA;EL ADELANTO;25a a 39 años;Femenino;1
2021;JUTIAPA;EL ADELANTO;40a a 49 años;Femenino;3
2021;JUTIAPA;EL ADELANTO;50a a 59 años;Femenino;2
2021;JUTIAPA;JUTIAPA;25a a 39 años;Femenino;2
2021;JUTIAPA;JUTIAPA;40a a 49 años;Femenino;2
2021;JUTIAPA;JUTIAPA;40a a 49 años;Masculino;1
2021;JUTIAPA;JUTIAPA;50a a 59 años;Femenino;4
2021;JUTIAPA;JUTIAPA;65a a 69 años;Masculino;1
2021;JUTIAPA;JUTIAPA;70a+;Femenino;2
2021;JUTIAPA;JUTIAPA;70a+;Masculino;2
2021;JUTIAPA;QUEZADA;25a a 39 años;Masculino;1
2021;JUTIAPA;QUEZADA;50a a 59 años;Femenino;3
2021;JUTIAPA;QUEZADA;70a+;Femenino;3
2021;JUTIAPA;YUPILTEPEQUE;40a a 49 años;Masculino;1
2021;JUTIAPA;YUPILTEPEQUE;60a a 64 años;Femenino;1
2021;JUTIAPA;ZAPOTITLÁN;50a a 59 años;Femenino;4
2021;QUICHE;JOYABAJ;25a a 39 años;Masculino;1
2021;QUICHE;SACAPULAS;25a a 39 años;Masculino;1
2021;QUICHE;SAN PEDRO JOCOPILAS;25a a 39 años;Femenino;1
2021;QUICHE;SAN PEDRO JOCOPILAS;40a a 49 años;Masculino;1
2021;SANTA ROSA;BARBERENA;25a a 39 años;Femenino;1
2021;SANTA ROSA;CUILAPA;40a a 49 años;Masculino;1
2021;SANTA ROSA;NUEVA SANTA ROSA;25a a 39 años;Femenino;1
2021;SANTA ROSA;NUEVA SANTA ROSA;25a a 39 años;Masculino;1
2021;SANTA ROSA;NUEVA SANTA ROSA;50a a 59 años;Masculino;1
2021;SANTA ROSA;SAN RAFAEL LAS FLORES;70a+;Masculino;1
2021;ZACAPA;CABAÑAS;50a a 59 años;Femenino;1
2021;ZACAPA;HUITÉ;40a a 49 años;Masculino;1
2021;ZACAPA;SAN DIEGO;70a+;Masculino;1
2021;ZACAPA;SAN JORGE;25a a 39 años;Femenino;1
2021;ZACAPA;SAN JORGE;40a a 49 años;Femenino;1
2021;ZACAPA;TECULUTÁN;50a a 59 años;Masculino;1
2021;ZACAPA;USUMATLÁN;50a a 59 años;Femenino;1
2021;ZACAPA;ZACAPA;25a a 39 años;Masculino;1
2021;ZACAPA;ZACAPA;50a a 59 años;Femenino;1
2021;ZACAPA;ZACAPA;60a a 64 años;Femenino;2
2021;ZACAPA;ZACAPA;65a a 69 años;Femenino;1
2022;ALTA VERAPAZ;FRAY BARTOLOMÉ DE LAS CASAS;25a a 39 años;Masculino;2
2022;ALTA VERAPAZ;PANZOS;25a a 39 años;Masculino;1
2022;ALTA VERAPAZ;SAN JUAN CHAMELCO;25a a 39 años;Femenino;9
2022;BAJA VERAPAZ;PURULHÁ;40a a 49 años;Masculino;1
2022;BAJA VERAPAZ;SALAMÁ;25a a 39 años;Masculino;1
2022;BAJA VERAPAZ;SALAMÁ;40a a 49 años;Femenino;1
2022;BAJA VERAPAZ;SAN MIGUEL CHICAJ;10a  a 14 años;Femenino;2
2022;BAJA VERAPAZ;SAN MIGUEL CHICAJ;15a  a 19 años;Femenino;1
2022;CHIMALTENANGO;CHIMALTENANGO;2m a < 1 año;Femenino;1
2022;CHIQUIMULA;CAMOTÁN;15a  a 19 años;Femenino;1
2022;CHIQUIMULA;CAMOTÁN;20a a 24 años;Femenino;1
2022;CHIQUIMULA;CAMOTÁN;20a a 24 años;Masculino;1
2022;CHIQUIMULA;CAMOTÁN;25a a 39 años;Femenino;4
2022;CHIQUIMULA;CAMOTÁN;25a a 39 años;Masculino;2
2022;CHIQUIMULA;CAMOTÁN;40a a 49 años;Femenino;2
2022;CHIQUIMULA;CAMOTÁN;50a a 59 años;Masculino;1
2022;CHIQUIMULA;CAMOTÁN;60a a 64 años;Masculino;1
2022;CHIQUIMULA;CAMOTÁN;70a+;Femenino;1
2022;CHIQUIMULA;CHIQUIMULA;20a a 24 años;Masculino;2
2022;CHIQUIMULA;CHIQUIMULA;25a a 39 años;Femenino;2
2022;CHIQUIMULA;CHIQUIMULA;25a a 39 años;Masculino;3
2022;CHIQUIMULA;CHIQUIMULA;40a a 49 años;Femenino;1
2022;CHIQUIMULA;CHIQUIMULA;40a a 49 años;Masculino;2
2022;CHIQUIMULA;CONCEPCIÓN LAS MINAS;25a a 39 años;Femenino;2
2022;CHIQUIMULA;ESQUIPULAS;25a a 39 años;Femenino;4
2022;CHIQUIMULA;ESQUIPULAS;40a a 49 años;Masculino;1
2022;CHIQUIMULA;ESQUIPULAS;50a a 59 años;Masculino;2
2022;CHIQUIMULA;ESQUIPULAS;60a a 64 años;Femenino;1
2022;CHIQUIMULA;JOCOTÁN;5a a 9 años;Masculino;1
2022;CHIQUIMULA;JOCOTÁN;25a a 39 años;Femenino;7
2022;CHIQUIMULA;JOCOTÁN;25a a 39 años;Masculino;1
2022;CHIQUIMULA;JOCOTÁN;40a a 49 años;Masculino;1
2022;CHIQUIMULA;JOCOTÁN;50a a 59 años;Femenino;1
2022;CHIQUIMULA;OLOPA;20a a 24 años;Femenino;2
2022;CHIQUIMULA;OLOPA;20a a 24 años;Masculino;2
2022;CHIQUIMULA;OLOPA;25a a 39 años;Femenino;19
2022;CHIQUIMULA;OLOPA;25a a 39 años;Masculino;6
2022;CHIQUIMULA;OLOPA;40a a 49 años;Femenino;10
2022;CHIQUIMULA;OLOPA;40a a 49 años;Masculino;2
2022;CHIQUIMULA;OLOPA;50a a 59 años;Femenino;4
2022;CHIQUIMULA;OLOPA;50a a 59 años;Masculino;5
2022;CHIQUIMULA;OLOPA;60a a 64 años;Femenino;1
2022;CHIQUIMULA;OLOPA;65a a 69 años;Femenino;1
2022;CHIQUIMULA;QUETZALTEPEQUE;25a a 39 años;Masculino;1
2022;CHIQUIMULA;QUETZALTEPEQUE;40a a 49 años;Femenino;1
2022;CHIQUIMULA;SAN JACINTO;15a  a 19 años;Femenino;1
2022;CHIQUIMULA;SAN JACINTO;20a a 24 años;Masculino;2
2022;CHIQUIMULA;SAN JACINTO;25a a 39 años;Femenino;2
2022;CHIQUIMULA;SAN JACINTO;50a a 59 años;Femenino;1
2022;CHIQUIMULA;SAN JACINTO;65a a 69 años;Femenino;1
2022;CHIQUIMULA;SAN JUAN LA ERMITA;50a a 59 años;Masculino;2
2022;EL PETEN;FLORES;50a a 59 años;Masculino;1
2022;EL PETEN;FLORES;60a a 64 años;Femenino;1
2022;EL PETEN;LA LIBERTAD;50a a 59 años;Masculino;1
2022;EL PETEN;SAN BENITO;25a a 39 años;Femenino;1
2022;EL PETEN;SAN BENITO;25a a 39 años;Masculino;2
2022;EL PETEN;SAN LUIS;60a a 64 años;Femenino;1
2022;EL PROGRESO;EL JÍCARO;25a a 39 años;Masculino;1
2022;EL PROGRESO;SAN AGUSTÍN ACASAGUASTLÁN;25a a 39 años;Masculino;2
2022;EL PROGRESO;SAN AGUSTÍN ACASAGUASTLÁN;40a a 49 años;Masculino;4
2022;EL PROGRESO;SAN AGUSTÍN ACASAGUASTLÁN;50a a 59 años;Masculino;5
2022;EL PROGRESO;SAN AGUSTÍN ACASAGUASTLÁN;60a a 64 años;Femenino;1
2022;ESCUINTLA;LA GOMERA;50a a 59 años;Femenino;1
2022;GUATEMALA;AMATITLÁN;20a a 24 años;Masculino;1
2022;GUATEMALA;GUATEMALA;25a a 39 años;Masculino;1
2022;GUATEMALA;GUATEMALA;65a a 69 años;Femenino;1
2022;GUATEMALA;MIXCO;50a a 59 años;Femenino;1
2022;GUATEMALA;SAN JUAN SACATEPÉQUEZ;60a a 64 años;Femenino;1
2022;GUATEMALA;SAN PEDRO SACATEPÉQUEZ;25a a 39 años;Masculino;1
2022;GUATEMALA;VILLA CANALES;25a a 39 años;Femenino;1
2022;GUATEMALA;VILLA NUEVA;10a  a 14 años;Femenino;1
2022;GUATEMALA;VILLA NUEVA;20a a 24 años;Masculino;1
2022;GUATEMALA;VILLA NUEVA;40a a 49 años;Femenino;2
2022;JALAPA;JALAPA;50a a 59 años;Masculino;1
2022;JUTIAPA;ASUNCIÓN MITA;20a a 24 años;Femenino;2
2022;JUTIAPA;ASUNCIÓN MITA;25a a 39 años;Femenino;2
2022;JUTIAPA;ATESCATEMPA;50a a 59 años;Masculino;1
2022;JUTIAPA;COMAPA;5a a 9 años;Femenino;3
2022;JUTIAPA;COMAPA;5a a 9 años;Masculino;9
2022;JUTIAPA;COMAPA;10a  a 14 años;Femenino;4
2022;JUTIAPA;COMAPA;10a  a 14 años;Masculino;9
2022;JUTIAPA;COMAPA;15a  a 19 años;Femenino;1
2022;JUTIAPA;COMAPA;15a  a 19 años;Masculino;2
2022;JUTIAPA;COMAPA;20a a 24 años;Femenino;3
2022;JUTIAPA;COMAPA;20a a 24 años;Masculino;2
2022;JUTIAPA;COMAPA;25a a 39 años;Femenino;26
2022;JUTIAPA;COMAPA;25a a 39 años;Masculino;6
2022;JUTIAPA;COMAPA;40a a 49 años;Femenino;16
2022;JUTIAPA;COMAPA;40a a 49 años;Masculino;17
2022;JUTIAPA;COMAPA;50a a 59 años;Femenino;15
2022;JUTIAPA;COMAPA;50a a 59 años;Masculino;21
2022;JUTIAPA;COMAPA;60a a 64 años;Femenino;13
2022;JUTIAPA;COMAPA;60a a 64 años;Masculino;3
2022;JUTIAPA;COMAPA;65a a 69 años;Femenino;5
2022;JUTIAPA;COMAPA;65a a 69 años;Masculino;10
2022;JUTIAPA;COMAPA;70a+;Femenino;1
2022;JUTIAPA;CONGUACO;25a a 39 años;Femenino;1
2022;JUTIAPA;EL ADELANTO;15a  a 19 años;Femenino;4
2022;JUTIAPA;EL ADELANTO;25a a 39 años;Femenino;1
2022;JUTIAPA;EL ADELANTO;50a a 59 años;Femenino;1
2022;JUTIAPA;JALPATAGUA;5a a 9 años;Femenino;1
2022;JUTIAPA;JALPATAGUA;10a  a 14 años;Femenino;1
2022;JUTIAPA;JALPATAGUA;25a a 39 años;Masculino;1
2022;JUTIAPA;JALPATAGUA;50a a 59 años;Femenino;6
2022;JUTIAPA;JUTIAPA;10a  a 14 años;Femenino;1
2022;JUTIAPA;JUTIAPA;25a a 39 años;Femenino;1
2022;JUTIAPA;JUTIAPA;25a a 39 años;Masculino;1
2022;JUTIAPA;JUTIAPA;40a a 49 años;Femenino;1
2022;JUTIAPA;JUTIAPA;50a a 59 años;Femenino;1
2022;JUTIAPA;JUTIAPA;60a a 64 años;Femenino;6
2022;JUTIAPA;JUTIAPA;70a+;Femenino;1
2022;JUTIAPA;QUEZADA;20a a 24 años;Masculino;1
2022;JUTIAPA;QUEZADA;40a a 49 años;Femenino;2
2022;JUTIAPA;QUEZADA;50a a 59 años;Femenino;2
2022;JUTIAPA;QUEZADA;50a a 59 años;Masculino;2
2022;JUTIAPA;QUEZADA;70a+;Femenino;1
2022;JUTIAPA;SANTA CATARINA MITA;25a a 39 años;Masculino;2
2022;JUTIAPA;ZAPOTITLÁN;25a a 39 años;Femenino;1
2022;JUTIAPA;ZAPOTITLÁN;50a a 59 años;Femenino;2
2022;JUTIAPA;ZAPOTITLÁN;60a a 64 años;Femenino;2
2022;JUTIAPA;ZAPOTITLÁN;60a a 64 años;Masculino;1
2022;QUETZALTENANGO;COATEPEQUE;40a a 49 años;Masculino;1
2022;QUICHE;CUNÉN;40a a 49 años;Femenino;1
2022;QUICHE;SAN ANDRÉS SAJCABAJÁ;5a a 9 años;Femenino;1
2022;QUICHE;SAN ANDRÉS SAJCABAJÁ;40a a 49 años;Femenino;1
2022;SAN MARCOS;CATARINA;20a a 24 años;Masculino;1
2022;SANTA ROSA;CHIQUIMULILLA;50a a 59 años;Masculino;2
2022;SANTA ROSA;CUILAPA;25a a 39 años;Femenino;1
2022;SANTA ROSA;CUILAPA;40a a 49 años;Masculino;3
2022;SANTA ROSA;CUILAPA;50a a 59 años;Masculino;1
2022;SANTA ROSA;GUAZACAPÁN;25a a 39 años;Masculino;1
2022;SANTA ROSA;NUEVA SANTA ROSA;25a a 39 años;Femenino;1
2022;SANTA ROSA;NUEVA SANTA ROSA;50a a 59 años;Masculino;1
2022;SANTA ROSA;SANTA MARÍA IXHUATÁN;40a a 49 años;Masculino;1
2022;ZACAPA;SAN JORGE;40a a 49 años;Masculino;1
2022;ZACAPA;ZACAPA;15a  a 19 años;Femenino;1
2022;ZACAPA;ZACAPA;40a a 49 años;Femenino;2
2022;ZACAPA;ZACAPA;40a a 49 años;Masculino;1
2022;ZACAPA;ZACAPA;70a+;Femenino;1
2023;ALTA VERAPAZ;CAHABÓN;25a a 39 años;Masculino;2
2023;ALTA VERAPAZ;PANZOS;25a a 39 años;Femenino;1
2023;BAJA VERAPAZ;RABINAL;25a a 39 años;Femenino;1
2023;BAJA VERAPAZ;RABINAL;40a a 49 años;Masculino;1
2023;BAJA VERAPAZ;SAN MIGUEL CHICAJ;15a  a 19 años;Femenino;2
2023;BAJA VERAPAZ;SAN MIGUEL CHICAJ;40a a 49 años;Masculino;1
2023;CHIMALTENANGO;CHIMALTENANGO;40a a 49 años;Femenino;1
2023;CHIQUIMULA;CAMOTÁN;15a  a 19 años;Femenino;1
2023;CHIQUIMULA;CAMOTÁN;20a a 24 años;Femenino;3
2023;CHIQUIMULA;CAMOTÁN;25a a 39 años;Femenino;30
2023;CHIQUIMULA;CAMOTÁN;25a a 39 años;Masculino;2
2023;CHIQUIMULA;CAMOTÁN;40a a 49 años;Femenino;3
2023;CHIQUIMULA;CAMOTÁN;40a a 49 años;Masculino;2
2023;CHIQUIMULA;CAMOTÁN;50a a 59 años;Femenino;3
2023;CHIQUIMULA;CAMOTÁN;50a a 59 años;Masculino;2
2023;CHIQUIMULA;CAMOTÁN;70a+;Masculino;1
2023;CHIQUIMULA;CHIQUIMULA;2m a < 1 año;Femenino;2
2023;CHIQUIMULA;CHIQUIMULA;15a  a 19 años;Femenino;1
2023;CHIQUIMULA;CHIQUIMULA;20a a 24 años;Femenino;3
2023;CHIQUIMULA;CHIQUIMULA;20a a 24 años;Masculino;1
2023;CHIQUIMULA;CHIQUIMULA;25a a 39 años;Femenino;28
2023;CHIQUIMULA;CHIQUIMULA;25a a 39 años;Masculino;7
2023;CHIQUIMULA;CHIQUIMULA;40a a 49 años;Femenino;4
2023;CHIQUIMULA;CHIQUIMULA;40a a 49 años;Masculino;3
2023;CHIQUIMULA;CHIQUIMULA;50a a 59 años;Femenino;2
2023;CHIQUIMULA;CHIQUIMULA;60a a 64 años;Femenino;3
2023;CHIQUIMULA;CHIQUIMULA;60a a 64 años;Masculino;2
2023;CHIQUIMULA;CHIQUIMULA;65a a 69 años;Femenino;6
2023;CHIQUIMULA;CHIQUIMULA;65a a 69 años;Masculino;1
2023;CHIQUIMULA;CHIQUIMULA;70a+;Femenino;3
2023;CHIQUIMULA;CHIQUIMULA;70a+;Masculino;4
2023;CHIQUIMULA;CONCEPCIÓN LAS MINAS;70a+;Masculino;1
2023;CHIQUIMULA;ESQUIPULAS;20a a 24 años;Masculino;1
2023;CHIQUIMULA;ESQUIPULAS;25a a 39 años;Femenino;8
2023;CHIQUIMULA;ESQUIPULAS;25a a 39 años;Masculino;2
2023;CHIQUIMULA;ESQUIPULAS;40a a 49 años;Femenino;1
2023;CHIQUIMULA;ESQUIPULAS;40a a 49 años;Masculino;2
2023;CHIQUIMULA;ESQUIPULAS;50a a 59 años;Femenino;4
2023;CHIQUIMULA;ESQUIPULAS;50a a 59 años;Masculino;1
2023;CHIQUIMULA;ESQUIPULAS;60a a 64 años;Masculino;1
2023;CHIQUIMULA;ESQUIPULAS;65a a 69 años;Masculino;2
2023;CHIQUIMULA;ESQUIPULAS;70a+;Femenino;3
2023;CHIQUIMULA;IPALA;15a  a 19 años;Femenino;1
2023;CHIQUIMULA;IPALA;25a a 39 años;Femenino;3
2023;CHIQUIMULA;IPALA;40a a 49 años;Femenino;1
2023;CHIQUIMULA;IPALA;50a a 59 años;Masculino;1
2023;CHIQUIMULA;IPALA;70a+;Femenino;1
2023;CHIQUIMULA;IPALA;70a+;Masculino;1
2023;CHIQUIMULA;JOCOTÁN;1a a 4 años;Femenino;1
2023;CHIQUIMULA;JOCOTÁN;15a  a 19 años;Femenino;1
2023;CHIQUIMULA;JOCOTÁN;20a a 24 años;Femenino;4
2023;CHIQUIMULA;JOCOTÁN;25a a 39 años;Femenino;47
2023;CHIQUIMULA;JOCOTÁN;25a a 39 años;Masculino;5
2023;CHIQUIMULA;JOCOTÁN;40a a 49 años;Femenino;11
2023;CHIQUIMULA;JOCOTÁN;40a a 49 años;Masculino;2
2023;CHIQUIMULA;JOCOTÁN;50a a 59 años;Femenino;3
2023;CHIQUIMULA;JOCOTÁN;60a a 64 años;Femenino;2
2023;CHIQUIMULA;JOCOTÁN;65a a 69 años;Femenino;1
2023;CHIQUIMULA;JOCOTÁN;70a+;Femenino;3
2023;CHIQUIMULA;OLOPA;25a a 39 años;Femenino;5
2023;CHIQUIMULA;OLOPA;25a a 39 años;Masculino;4
2023;CHIQUIMULA;OLOPA;40a a 49 años;Femenino;6
2023;CHIQUIMULA;OLOPA;65a a 69 años;Femenino;1
2023;CHIQUIMULA;OLOPA;65a a 69 años;Masculino;1
2023;CHIQUIMULA;QUETZALTEPEQUE;20a a 24 años;Femenino;1
2023;CHIQUIMULA;QUETZALTEPEQUE;25a a 39 años;Femenino;3
2023;CHIQUIMULA;QUETZALTEPEQUE;25a a 39 años;Masculino;1
2023;CHIQUIMULA;QUETZALTEPEQUE;40a a 49 años;Femenino;1
2023;CHIQUIMULA;QUETZALTEPEQUE;40a a 49 años;Masculino;2
2023;CHIQUIMULA;QUETZALTEPEQUE;60a a 64 años;Femenino;1
2023;CHIQUIMULA;QUETZALTEPEQUE;65a a 69 años;Femenino;2
2023;CHIQUIMULA;QUETZALTEPEQUE;70a+;Femenino;1
2023;CHIQUIMULA;QUETZALTEPEQUE;70a+;Masculino;1
2023;CHIQUIMULA;SAN JACINTO;25a a 39 años;Femenino;4
2023;CHIQUIMULA;SAN JACINTO;40a a 49 años;Femenino;2
2023;CHIQUIMULA;SAN JACINTO;40a a 49 años;Masculino;1
2023;CHIQUIMULA;SAN JACINTO;50a a 59 años;Masculino;1
2023;CHIQUIMULA;SAN JACINTO;70a+;Femenino;1
2023;CHIQUIMULA;SAN JACINTO;70a+;Masculino;2
2023;CHIQUIMULA;SAN JOSÉ LA ARADA;20a a 24 años;Femenino;1
2023;CHIQUIMULA;SAN JOSÉ LA ARADA;25a a 39 años;Femenino;2
2023;CHIQUIMULA;SAN JUAN LA ERMITA;20a a 24 años;Femenino;1
2023;CHIQUIMULA;SAN JUAN LA ERMITA;25a a 39 años;Femenino;3
2023;CHIQUIMULA;SAN JUAN LA ERMITA;40a a 49 años;Femenino;1
2023;CHIQUIMULA;SAN JUAN LA ERMITA;40a a 49 años;Masculino;1
2023;CHIQUIMULA;SAN JUAN LA ERMITA;65a a 69 años;Femenino;1
2023;CHIQUIMULA;SAN JUAN LA ERMITA;70a+;Femenino;1
2023;EL PETEN;DOLORES;25a a 39 años;Masculino;1
2023;EL PETEN;DOLORES;50a a 59 años;Masculino;1
2023;EL PETEN;LA LIBERTAD;50a a 59 años;Masculino;1
2023;EL PETEN;LA LIBERTAD;70a+;Masculino;1
2023;EL PETEN;SAN BENITO;1m a < 2m;Femenino;1
2023;EL PETEN;SAN BENITO;20a a 24 años;Masculino;4
2023;EL PETEN;SAN BENITO;50a a 59 años;Femenino;1
2023;EL PETEN;SAN BENITO;50a a 59 años;Masculino;1
2023;EL PETEN;SAN BENITO;70a+;Masculino;1
2023;EL PROGRESO;GUASTATOYA;65a a 69 años;Masculino;6
2023;EL PROGRESO;SAN AGUSTÍN ACASAGUASTLÁN;40a a 49 años;Femenino;2
2023;EL PROGRESO;SAN AGUSTÍN ACASAGUASTLÁN;60a a 64 años;Masculino;1
2023;GUATEMALA;GUATEMALA;25a a 39 años;Femenino;1
2023;GUATEMALA;GUATEMALA;40a a 49 años;Femenino;1
2023;GUATEMALA;PALENCIA;40a a 49 años;Masculino;1
2023;GUATEMALA;VILLA NUEVA;10a  a 14 años;Femenino;1
2023;GUATEMALA;VILLA NUEVA;15a  a 19 años;Femenino;2
2023;GUATEMALA;VILLA NUEVA;25a a 39 años;Femenino;3
2023;GUATEMALA;VILLA NUEVA;25a a 39 años;Masculino;2
2023;GUATEMALA;VILLA NUEVA;40a a 49 años;Femenino;1
2023;GUATEMALA;VILLA NUEVA;50a a 59 años;Femenino;2
2023;IZABAL;PUERTO BARRIOS;25a a 39 años;Femenino;1
2023;JALAPA;JALAPA;20a a 24 años;Masculino;1
2023;JALAPA;JALAPA;60a a 64 años;Femenino;1
2023;JALAPA;JALAPA;65a a 69 años;Femenino;1
2023;JALAPA;SAN MANUEL CHAPARRÓN;50a a 59 años;Femenino;2
2023;JALAPA;SAN PEDRO PINULA;20a a 24 años;Femenino;2
2023;JALAPA;SAN PEDRO PINULA;25a a 39 años;Femenino;10
2023;JALAPA;SAN PEDRO PINULA;40a a 49 años;Femenino;1
2023;JALAPA;SAN PEDRO PINULA;40a a 49 años;Masculino;1
2023;JALAPA;SAN PEDRO PINULA;50a a 59 años;Femenino;5
2023;JALAPA;SAN PEDRO PINULA;50a a 59 años;Masculino;2
2023;JALAPA;SAN PEDRO PINULA;60a a 64 años;Femenino;3
2023;JALAPA;SAN PEDRO PINULA;60a a 64 años;Masculino;1
2023;JALAPA;SAN PEDRO PINULA;70a+;Femenino;1
2023;JUTIAPA;AGUA BLANCA;5a a 9 años;Masculino;1
2023;JUTIAPA;AGUA BLANCA;20a a 24 años;Femenino;1
2023;JUTIAPA;AGUA BLANCA;25a a 39 años;Femenino;2
2023;JUTIAPA;AGUA BLANCA;50a a 59 años;Masculino;1
2023;JUTIAPA;ATESCATEMPA;40a a 49 años;Femenino;2
2023;JUTIAPA;COMAPA;1a a 4 años;Femenino;1
2023;JUTIAPA;COMAPA;1a a 4 años;Masculino;1
2023;JUTIAPA;COMAPA;5a a 9 años;Femenino;3
2023;JUTIAPA;COMAPA;10a  a 14 años;Femenino;1
2023;JUTIAPA;COMAPA;15a  a 19 años;Femenino;4
2023;JUTIAPA;COMAPA;15a  a 19 años;Masculino;2
2023;JUTIAPA;COMAPA;20a a 24 años;Femenino;1
2023;JUTIAPA;COMAPA;25a a 39 años;Femenino;16
2023;JUTIAPA;COMAPA;25a a 39 años;Masculino;5
2023;JUTIAPA;COMAPA;40a a 49 años;Femenino;7
2023;JUTIAPA;COMAPA;40a a 49 años;Masculino;6
2023;JUTIAPA;COMAPA;50a a 59 años;Femenino;8
2023;JUTIAPA;COMAPA;50a a 59 años;Masculino;3
2023;JUTIAPA;COMAPA;60a a 64 años;Masculino;1
2023;JUTIAPA;COMAPA;65a a 69 años;Femenino;3
2023;JUTIAPA;COMAPA;65a a 69 años;Masculino;4
2023;JUTIAPA;CONGUACO;25a a 39 años;Femenino;1
2023;JUTIAPA;EL ADELANTO;25a a 39 años;Femenino;1
2023;JUTIAPA;EL PROGRESO;5a a 9 años;Femenino;1
2023;JUTIAPA;EL PROGRESO;40a a 49 años;Femenino;1
2023;JUTIAPA;EL PROGRESO;60a a 64 años;Femenino;3
2023;JUTIAPA;EL PROGRESO;60a a 64 años;Masculino;1
2023;JUTIAPA;JALPATAGUA;50a a 59 años;Femenino;2
2023;JUTIAPA;JALPATAGUA;50a a 59 años;Masculino;2
2023;JUTIAPA;JALPATAGUA;60a a 64 años;Femenino;3
2023;JUTIAPA;JALPATAGUA;65a a 69 años;Masculino;1
2023;JUTIAPA;JALPATAGUA;70a+;Masculino;1
2023;JUTIAPA;JEREZ;25a a 39 años;Femenino;1
2023;JUTIAPA;JEREZ;50a a 59 años;Femenino;1
2023;JUTIAPA;JEREZ;50a a 59 años;Masculino;2
2023;JUTIAPA;JEREZ;65a a 69 años;Femenino;3
2023;JUTIAPA;JEREZ;70a+;Femenino;1
2023;JUTIAPA;JEREZ;70a+;Masculino;2
2023;JUTIAPA;JUTIAPA;25a a 39 años;Femenino;2
2023;JUTIAPA;JUTIAPA;40a a 49 años;Femenino;3
2023;JUTIAPA;JUTIAPA;40a a 49 años;Masculino;1
2023;JUTIAPA;JUTIAPA;50a a 59 años;Femenino;4
2023;JUTIAPA;JUTIAPA;50a a 59 años;Masculino;2
2023;JUTIAPA;JUTIAPA;60a a 64 años;Femenino;4
2023;JUTIAPA;JUTIAPA;60a a 64 años;Masculino;4
2023;JUTIAPA;JUTIAPA;65a a 69 años;Femenino;2
2023;JUTIAPA;JUTIAPA;65a a 69 años;Masculino;3
2023;JUTIAPA;JUTIAPA;70a+;Femenino;1
2023;JUTIAPA;QUEZADA;25a a 39 años;Femenino;1
2023;JUTIAPA;QUEZADA;40a a 49 años;Femenino;1
2023;JUTIAPA;QUEZADA;40a a 49 años;Masculino;1
2023;JUTIAPA;QUEZADA;50a a 59 años;Femenino;1
2023;JUTIAPA;QUEZADA;70a+;Femenino;1
2023;JUTIAPA;SAN JOSÉ ACATEMPA;40a a 49 años;Masculino;1
2023;JUTIAPA;SAN JOSÉ ACATEMPA;70a+;Femenino;1
2023;JUTIAPA;SANTA CATARINA MITA;40a a 49 años;Femenino;1
2023;JUTIAPA;YUPILTEPEQUE;70a+;Masculino;2
2023;JUTIAPA;ZAPOTITLÁN;25a a 39 años;Femenino;1
2023;JUTIAPA;ZAPOTITLÁN;50a a 59 años;Femenino;1
2023;JUTIAPA;ZAPOTITLÁN;50a a 59 años;Masculino;1
2023;JUTIAPA;ZAPOTITLÁN;70a+;Femenino;1
2023;JUTIAPA;ZAPOTITLÁN;70a+;Masculino;1
2023;QUETZALTENANGO;COATEPEQUE;25a a 39 años;Masculino;1
2023;QUETZALTENANGO;COATEPEQUE;40a a 49 años;Masculino;2
2023;QUETZALTENANGO;GÉNOVA;25a a 39 años;Masculino;1
2023;QUICHE;CHICAMÁN;40a a 49 años;Masculino;3
2023;QUICHE;JOYABAJ;20a a 24 años;Femenino;1
2023;QUICHE;JOYABAJ;25a a 39 años;Masculino;1
2023;QUICHE;PACHALÚN;40a a 49 años;Femenino;1
2023;QUICHE;SACAPULAS;25a a 39 años;Femenino;1
2023;QUICHE;SAN ANDRÉS SAJCABAJÁ;20a a 24 años;Masculino;1
2023;QUICHE;SAN MIGUEL USPANTÁN;40a a 49 años;Masculino;1
2023;SACATEPEQUEZ;ANTIGUA GUATEMALA;5a a 9 años;Masculino;2
2023;SACATEPEQUEZ;SANTIAGO SACATEPÉQUEZ;20a a 24 años;Masculino;1
2023;SAN MARCOS;MALACATÁN;25a a 39 años;Masculino;1
2023;SAN MARCOS;MALACATÁN;70a+;Masculino;1
2023;SANTA ROSA;CHIQUIMULILLA;20a a 24 años;Femenino;1
2023;SANTA ROSA;CUILAPA;25a a 39 años;Femenino;2
2023;SANTA ROSA;CUILAPA;25a a 39 años;Masculino;2
2023;SANTA ROSA;CUILAPA;40a a 49 años;Masculino;1
2023;SUCHITEPEQUEZ;CUYOTENANGO;20a a 24 años;Masculino;1
2023;SUCHITEPEQUEZ;CUYOTENANGO;25a a 39 años;Masculino;1
2023;ZACAPA;CABAÑAS;25a a 39 años;Masculino;1
2023;ZACAPA;CABAÑAS;65a a 69 años;Femenino;1
2023;ZACAPA;GUALÁN;25a a 39 años;Masculino;2
2023;ZACAPA;GUALÁN;70a+;Femenino;1
2023;ZACAPA;HUITÉ;40a a 49 años;Femenino;1
2023;ZACAPA;LA UNIÓN;25a a 39 años;Femenino;1
2023;ZACAPA;LA UNIÓN;40a a 49 años;Masculino;2
2023;ZACAPA;LA UNIÓN;60a a 64 años;Masculino;2
2023;ZACAPA;LA UNIÓN;65a a 69 años;Masculino;1
2023;ZACAPA;LA UNIÓN;70a+;Masculino;1
2023;ZACAPA;SAN DIEGO;25a a 39 años;Femenino;1
2023;ZACAPA;SAN DIEGO;50a a 59 años;Masculino;1
2023;ZACAPA;TECULUTÁN;50a a 59 años;Femenino;1
2023;ZACAPA;TECULUTÁN;50a a 59 años;Masculino;2
2023;ZACAPA;TECULUTÁN;70a+;Femenino;1
2023;ZACAPA;ZACAPA;10a  a 14 años;Masculino;1
2023;ZACAPA;ZACAPA;25a a 39 años;Femenino;2
2023;ZACAPA;ZACAPA;25a a 39 años;Masculino;1
2023;ZACAPA;ZACAPA;40a a 49 años;Femenino;1
2023;ZACAPA;ZACAPA;40a a 49 años;Masculino;1
2023;ZACAPA;ZACAPA;60a a 64 años;Femenino;2
2023;ZACAPA;ZACAPA;60a a 64 años;Masculino;1
2023;ZACAPA;ZACAPA;70a+;Femenino;2
2023;ZACAPA;ZACAPA;70a+;Masculino;2
2024;ALTA VERAPAZ;FRAY BARTOLOMÉ DE LAS CASAS;25a a 39 años;Femenino;1
2024;ALTA VERAPAZ;FRAY BARTOLOMÉ DE LAS CASAS;25a a 39 años;Masculino;2
2024;ALTA VERAPAZ;LA TINTA;65a a 69 años;Masculino;1
2024;BAJA VERAPAZ;SALAMÁ;60a a 64 años;Masculino;1
2024;CHIMALTENANGO;CHIMALTENANGO;< 1 mes;Femenino;1
2024;CHIMALTENANGO;TECPÁN GUATEMALA;70a+;Femenino;1
2024;CHIQUIMULA;CAMOTÁN;25a a 39 años;Femenino;5
2024;CHIQUIMULA;CAMOTÁN;40a a 49 años;Femenino;2
2024;CHIQUIMULA;CAMOTÁN;40a a 49 años;Masculino;2
2024;CHIQUIMULA;CAMOTÁN;50a a 59 años;Femenino;1
2024;CHIQUIMULA;CAMOTÁN;60a a 64 años;Masculino;1
2024;CHIQUIMULA;CAMOTÁN;70a+;Femenino;1
2024;CHIQUIMULA;CHIQUIMULA;2m a < 1 año;Femenino;2
2024;CHIQUIMULA;CHIQUIMULA;15a  a 19 años;Femenino;2
2024;CHIQUIMULA;CHIQUIMULA;20a a 24 años;Femenino;1
2024;CHIQUIMULA;CHIQUIMULA;25a a 39 años;Femenino;17
2024;CHIQUIMULA;CHIQUIMULA;40a a 49 años;Femenino;4
2024;CHIQUIMULA;CHIQUIMULA;50a a 59 años;Femenino;7
2024;CHIQUIMULA;CHIQUIMULA;50a a 59 años;Masculino;1
2024;CHIQUIMULA;CHIQUIMULA;60a a 64 años;Femenino;7
2024;CHIQUIMULA;CHIQUIMULA;65a a 69 años;Femenino;2
2024;CHIQUIMULA;CHIQUIMULA;65a a 69 años;Masculino;1
2024;CHIQUIMULA;CHIQUIMULA;70a+;Femenino;5
2024;CHIQUIMULA;CHIQUIMULA;70a+;Masculino;6
2024;CHIQUIMULA;CONCEPCIÓN LAS MINAS;70a+;Femenino;1
2024;CHIQUIMULA;ESQUIPULAS;20a a 24 años;Masculino;1
2024;CHIQUIMULA;ESQUIPULAS;25a a 39 años;Femenino;2
2024;CHIQUIMULA;ESQUIPULAS;40a a 49 años;Femenino;2
2024;CHIQUIMULA;ESQUIPULAS;50a a 59 años;Femenino;1
2024;CHIQUIMULA;ESQUIPULAS;60a a 64 años;Femenino;1
2024;CHIQUIMULA;ESQUIPULAS;70a+;Femenino;2
2024;CHIQUIMULA;IPALA;70a+;Masculino;2
2024;CHIQUIMULA;JOCOTÁN;25a a 39 años;Femenino;4
2024;CHIQUIMULA;JOCOTÁN;40a a 49 años;Femenino;3
2024;CHIQUIMULA;JOCOTÁN;70a+;Femenino;1
2024;CHIQUIMULA;OLOPA;25a a 39 años;Femenino;1
2024;CHIQUIMULA;OLOPA;40a a 49 años;Femenino;1
2024;CHIQUIMULA;OLOPA;60a a 64 años;Femenino;1
2024;CHIQUIMULA;OLOPA;70a+;Masculino;1
2024;CHIQUIMULA;QUETZALTEPEQUE;25a a 39 años;Femenino;3
2024;CHIQUIMULA;QUETZALTEPEQUE;60a a 64 años;Masculino;1
2024;CHIQUIMULA;QUETZALTEPEQUE;70a+;Femenino;1
2024;CHIQUIMULA;QUETZALTEPEQUE;70a+;Masculino;2
2024;CHIQUIMULA;SAN JACINTO;20a a 24 años;Femenino;1
2024;CHIQUIMULA;SAN JACINTO;40a a 49 años;Femenino;2
2024;CHIQUIMULA;SAN JACINTO;60a a 64 años;Femenino;1
2024;CHIQUIMULA;SAN JACINTO;60a a 64 años;Masculino;1
2024;CHIQUIMULA;SAN JACINTO;65a a 69 años;Femenino;2
2024;CHIQUIMULA;SAN JACINTO;70a+;Femenino;1
2024;CHIQUIMULA;SAN JACINTO;70a+;Masculino;1
2024;CHIQUIMULA;SAN JOSÉ LA ARADA;25a a 39 años;Femenino;2
2024;CHIQUIMULA;SAN JOSÉ LA ARADA;40a a 49 años;Femenino;1
2024;CHIQUIMULA;SAN JUAN LA ERMITA;25a a 39 años;Femenino;1
2024;CHIQUIMULA;SAN JUAN LA ERMITA;70a+;Femenino;1
2024;EL PETEN;DOLORES;50a a 59 años;Masculino;1
2024;EL PETEN;FLORES;40a a 49 años;Femenino;1
2024;EL PETEN;FLORES;65a a 69 años;Femenino;1
2024;EL PETEN;FLORES;65a a 69 años;Masculino;1
2024;EL PETEN;FLORES;70a+;Femenino;1
2024;EL PETEN;FLORES;70a+;Masculino;1
2024;EL PETEN;LA LIBERTAD;40a a 49 años;Masculino;1
2024;EL PETEN;LA LIBERTAD;50a a 59 años;Masculino;1
2024;EL PETEN;LA LIBERTAD;60a a 64 años;Femenino;1
2024;EL PETEN;LA LIBERTAD;70a+;Masculino;1
2024;EL PETEN;LAS CRUCES;50a a 59 años;Masculino;1
2024;EL PETEN;LAS CRUCES;60a a 64 años;Femenino;1
2024;EL PETEN;POPTÚN;50a a 59 años;Masculino;1
2024;EL PETEN;POPTÚN;70a+;Masculino;1
2024;EL PETEN;SAN BENITO;25a a 39 años;Masculino;1
2024;EL PETEN;SAN BENITO;40a a 49 años;Femenino;2
2024;EL PETEN;SAN BENITO;40a a 49 años;Masculino;6
2024;EL PETEN;SAN BENITO;50a a 59 años;Masculino;3
2024;EL PETEN;SAN BENITO;60a a 64 años;Femenino;3
2024;EL PETEN;SAN BENITO;60a a 64 años;Masculino;3
2024;EL PETEN;SAN BENITO;65a a 69 años;Femenino;1
2024;EL PETEN;SAN BENITO;70a+;Femenino;2
2024;EL PETEN;SAN JOSÉ;50a a 59 años;Masculino;1
2024;EL PETEN;SAN LUIS;40a a 49 años;Masculino;1
2024;EL PETEN;SAYAXCHÉ;40a a 49 años;Femenino;1
2024;EL PROGRESO;EL JÍCARO;50a a 59 años;Femenino;4
2024;EL PROGRESO;SAN AGUSTÍN ACASAGUASTLÁN;20a a 24 años;Masculino;1
2024;EL PROGRESO;SAN AGUSTÍN ACASAGUASTLÁN;25a a 39 años;Femenino;1
2024;EL PROGRESO;SAN AGUSTÍN ACASAGUASTLÁN;50a a 59 años;Femenino;2
2024;EL PROGRESO;SAN AGUSTÍN ACASAGUASTLÁN;65a a 69 años;Masculino;1
2024;EL PROGRESO;SAN AGUSTÍN ACASAGUASTLÁN;70a+;Masculino;1
2024;EL PROGRESO;SAN CRISTÓBAL ACASAGUASTLÁN;70a+;Masculino;1
2024;ESCUINTLA;NUEVA CONCEPCIÓN;50a a 59 años;Masculino;1
2024;ESCUINTLA;TIQUISATE;40a a 49 años;Masculino;1
2024;GUATEMALA;GUATEMALA;1a a 4 años;Femenino;1
2024;GUATEMALA;GUATEMALA;25a a 39 años;Masculino;2
2024;GUATEMALA;GUATEMALA;50a a 59 años;Masculino;1
2024;GUATEMALA;VILLA NUEVA;40a a 49 años;Femenino;1
2024;JALAPA;JALAPA;25a a 39 años;Femenino;2
2024;JALAPA;JALAPA;25a a 39 años;Masculino;1
2024;JALAPA;JALAPA;40a a 49 años;Femenino;1
2024;JALAPA;JALAPA;50a a 59 años;Femenino;2
2024;JALAPA;JALAPA;50a a 59 años;Masculino;1
2024;JALAPA;JALAPA;70a+;Femenino;1
2024;JALAPA;SAN MANUEL CHAPARRÓN;65a a 69 años;Masculino;1
2024;JALAPA;SAN PEDRO PINULA;5a a 9 años;Femenino;1
2024;JALAPA;SAN PEDRO PINULA;10a  a 14 años;Masculino;2
2024;JALAPA;SAN PEDRO PINULA;20a a 24 años;Femenino;3
2024;JALAPA;SAN PEDRO PINULA;25a a 39 años;Femenino;18
2024;JALAPA;SAN PEDRO PINULA;25a a 39 años;Masculino;1
2024;JALAPA;SAN PEDRO PINULA;40a a 49 años;Femenino;7
2024;JALAPA;SAN PEDRO PINULA;40a a 49 años;Masculino;1
2024;JALAPA;SAN PEDRO PINULA;50a a 59 años;Femenino;12
2024;JALAPA;SAN PEDRO PINULA;60a a 64 años;Femenino;2
2024;JALAPA;SAN PEDRO PINULA;60a a 64 años;Masculino;1
2024;JALAPA;SAN PEDRO PINULA;65a a 69 años;Femenino;3
2024;JALAPA;SAN PEDRO PINULA;70a+;Femenino;7
2024;JUTIAPA;AGUA BLANCA;25a a 39 años;Femenino;1
2024;JUTIAPA;ASUNCIÓN MITA;10a  a 14 años;Masculino;1
2024;JUTIAPA;ASUNCIÓN MITA;25a a 39 años;Masculino;1
2024;JUTIAPA;ASUNCIÓN MITA;40a a 49 años;Femenino;1
2024;JUTIAPA;ASUNCIÓN MITA;40a a 49 años;Masculino;2
2024;JUTIAPA;ASUNCIÓN MITA;60a a 64 años;Femenino;1
2024;JUTIAPA;ASUNCIÓN MITA;65a a 69 años;Femenino;1
2024;JUTIAPA;COMAPA;5a a 9 años;Masculino;1
2024;JUTIAPA;COMAPA;10a  a 14 años;Masculino;1
2024;JUTIAPA;COMAPA;20a a 24 años;Femenino;2
2024;JUTIAPA;COMAPA;25a a 39 años;Femenino;6
2024;JUTIAPA;COMAPA;25a a 39 años;Masculino;1
2024;JUTIAPA;COMAPA;40a a 49 años;Femenino;8
2024;JUTIAPA;COMAPA;40a a 49 años;Masculino;3
2024;JUTIAPA;COMAPA;50a a 59 años;Femenino;12
2024;JUTIAPA;COMAPA;50a a 59 años;Masculino;4
2024;JUTIAPA;COMAPA;60a a 64 años;Femenino;1
2024;JUTIAPA;COMAPA;65a a 69 años;Masculino;1
2024;JUTIAPA;COMAPA;70a+;Masculino;2
2024;JUTIAPA;CONGUACO;50a a 59 años;Femenino;4
2024;JUTIAPA;CONGUACO;60a a 64 años;Femenino;2
2024;JUTIAPA;CONGUACO;70a+;Femenino;1
2024;JUTIAPA;EL ADELANTO;25a a 39 años;Femenino;1
2024;JUTIAPA;EL PROGRESO;1a a 4 años;Masculino;1
2024;JUTIAPA;EL PROGRESO;5a a 9 años;Femenino;1
2024;JUTIAPA;EL PROGRESO;10a  a 14 años;Masculino;2
2024;JUTIAPA;EL PROGRESO;25a a 39 años;Femenino;2
2024;JUTIAPA;EL PROGRESO;40a a 49 años;Femenino;2
2024;JUTIAPA;EL PROGRESO;50a a 59 años;Femenino;2
2024;JUTIAPA;EL PROGRESO;50a a 59 años;Masculino;2
2024;JUTIAPA;EL PROGRESO;70a+;Masculino;1
2024;JUTIAPA;JALPATAGUA;25a a 39 años;Femenino;3
2024;JUTIAPA;JEREZ;40a a 49 años;Femenino;1
2024;JUTIAPA;JEREZ;50a a 59 años;Masculino;5
2024;JUTIAPA;JUTIAPA;5a a 9 años;Femenino;1
2024;JUTIAPA;JUTIAPA;5a a 9 años;Masculino;1
2024;JUTIAPA;JUTIAPA;10a  a 14 años;Femenino;1
2024;JUTIAPA;JUTIAPA;25a a 39 años;Femenino;2
2024;JUTIAPA;JUTIAPA;25a a 39 años;Masculino;3
2024;JUTIAPA;JUTIAPA;40a a 49 años;Femenino;1
2024;JUTIAPA;JUTIAPA;40a a 49 años;Masculino;3
2024;JUTIAPA;JUTIAPA;50a a 59 años;Femenino;6
2024;JUTIAPA;JUTIAPA;50a a 59 años;Masculino;2
2024;JUTIAPA;JUTIAPA;60a a 64 años;Femenino;1
2024;JUTIAPA;JUTIAPA;60a a 64 años;Masculino;6
2024;JUTIAPA;JUTIAPA;65a a 69 años;Femenino;1
2024;JUTIAPA;JUTIAPA;65a a 69 años;Masculino;1
2024;JUTIAPA;JUTIAPA;70a+;Femenino;2
2024;JUTIAPA;JUTIAPA;70a+;Masculino;2
2024;JUTIAPA;QUEZADA;25a a 39 años;Femenino;4
2024;JUTIAPA;QUEZADA;25a a 39 años;Masculino;1
2024;JUTIAPA;QUEZADA;40a a 49 años;Femenino;5
2024;JUTIAPA;QUEZADA;40a a 49 años;Masculino;2
2024;JUTIAPA;QUEZADA;50a a 59 años;Femenino;1
2024;JUTIAPA;SAN JOSÉ ACATEMPA;25a a 39 años;Masculino;2
2024;JUTIAPA;YUPILTEPEQUE;40a a 49 años;Masculino;2
2024;JUTIAPA;ZAPOTITLÁN;50a a 59 años;Femenino;1
2024;JUTIAPA;ZAPOTITLÁN;70a+;Masculino;1
2024;QUICHE;IXCÁN;20a a 24 años;Femenino;2
2024;QUICHE;SACAPULAS;25a a 39 años;Masculino;1
2024;QUICHE;SAN ANDRÉS SAJCABAJÁ;20a a 24 años;Femenino;1
2024;QUICHE;SAN ANDRÉS SAJCABAJÁ;25a a 39 años;Femenino;4
2024;RETALHULEU;EL ASINTAL;25a a 39 años;Masculino;1
2024;SACATEPEQUEZ;ANTIGUA GUATEMALA;5a a 9 años;Femenino;1
2024;SACATEPEQUEZ;CIUDAD VIEJA;15a  a 19 años;Masculino;2
2024;SAN MARCOS;MALACATÁN;40a a 49 años;Masculino;1
2024;SANTA ROSA;CHIQUIMULILLA;20a a 24 años;Femenino;1
2024;SANTA ROSA;CUILAPA;25a a 39 años;Femenino;1
2024;SANTA ROSA;CUILAPA;40a a 49 años;Femenino;1
2024;SANTA ROSA;CUILAPA;50a a 59 años;Masculino;1
2024;SANTA ROSA;CUILAPA;60a a 64 años;Femenino;1
2024;SANTA ROSA;CUILAPA;70a+;Masculino;1
2024;SANTA ROSA;ORATORIO;25a a 39 años;Femenino;1
2024;SANTA ROSA;ORATORIO;25a a 39 años;Masculino;1
2024;SANTA ROSA;ORATORIO;40a a 49 años;Femenino;1
2024;SANTA ROSA;PUEBLO NUEVO VIÑAS;40a a 49 años;Femenino;1
2024;SANTA ROSA;SANTA MARÍA IXHUATÁN;70a+;Masculino;1
2024;SANTA ROSA;SANTA ROSA DE LIMA;50a a 59 años;Masculino;1
2024;SOLOLA;SOLOLÁ;< 1 mes;Femenino;1
2024;SOLOLA;SOLOLÁ;25a a 39 años;Masculino;2
2024;SUCHITEPEQUEZ;SANTO DOMINGO SUCHITEPÉQUEZ;20a a 24 años;Masculino;1
2024;ZACAPA;CABAÑAS;50a a 59 años;Femenino;1
2024;ZACAPA;SAN DIEGO;50a a 59 años;Masculino;1
2024;ZACAPA;SAN DIEGO;60a a 64 años;Femenino;2
2024;ZACAPA;SAN JORGE;50a a 59 años;Femenino;1
2024;ZACAPA;ZACAPA;25a a 39 años;Masculino;1
2024;ZACAPA;ZACAPA;40a a 49 años;Masculino;1
2024;ZACAPA;ZACAPA;50a a 59 años;Femenino;1
2024;ZACAPA;ZACAPA;60a a 64 años;Femenino;1
2024;ZACAPA;ZACAPA;65a a 69 años;Femenino;1
2024;ZACAPA;ZACAPA;65a a 69 años;Masculino;1
2024;ZACAPA;ZACAPA;70a+;Femenino;1
2024;ZACAPA;ZACAPA;70a+;Masculino;2
